level,stage,english
1,first,able
1,first,above
1,first,adult
1,first,afraid
1,first,all
1,first,alone
1,first,angry
1,first,another
1,first,any
1,first,back
1,first,bad
1,first,basic
1,first,beautiful
1,first,best
1,first,better
1,first,big
1,first,black
1,first,blue
1,first,born
1,first,both
1,first,bottom
1,first,brave
1,first,bright
1,first,brown
1,first,busy
1,first,careful
1,first,certain
1,first,chief
1,first,clean
1,first,clear
1,first,close
1,first,cold
1,first,common
1,first,cool
1,first,correct
1,first,cute
1,first,dark
1,first,dead
1,first,dear
1,first,deep
1,first,different
1,first,difficult
1,first,direct
1,first,dirty
1,first,down
1,first,downstairs
1,first,dry
1,first,each
1,first,early
1,first,east
1,first,easy
1,first,eight
1,first,eighteen
1,first,eighty
1,first,either
1,first,eleven
1,first,English
1,first,enough
1,first,equal
1,first,even
1,first,every
1,first,FALSE
1,first,far
1,first,fast
1,first,fat
1,first,few
1,first,fifteen
1,first,fifty
1,first,final
1,first,fine
1,first,first
1,first,five
1,first,foreign
1,first,forty
1,first,four
1,first,fourteen
1,first,free
1,first,fresh
1,first,front
1,first,full
1,first,funny
1,first,general
1,first,glad
1,first,gold
1,first,good
1,first,grand
1,first,gray
1,first,great
1,first,green
1,first,grey
1,first,half
1,first,happy
1,first,hard
1,first,heavy
1,first,high
1,first,home
1,first,hot
1,first,huge
1,first,human
1,first,hundred
1,first,hungry
1,first,important
1,first,in
1,first,inside
1,first,iron
1,first,just
1,first,key
1,first,kind
1,first,large
1,first,last
1,first,late
1,first,lazy
1,first,least
1,first,left
1,first,less
1,first,level
1,first,light
1,first,likely
1,first,little
1,first,live
1,first,long
1,first,loud
1,first,low
1,first,lucky
1,first,mad
1,first,many
1,first,mean
1,first,middle
1,first,more
1,first,most
1,first,much
1,first,near
1,first,new
1,first,next
1,first,nice
1,first,nine
1,first,nineteen
1,first,ninety
1,first,no
1,first,noisy
1,first,north
1,first,O.K.
1,first,off
1,first,OK
1,first,okay
1,first,old
1,first,one
1,first,open
1,first,orange
1,first,other
1,first,out
1,first,outside
1,first,own
1,first,past
1,first,poor
1,first,possible
1,first,pretty
1,first,public
1,first,purple
1,first,quick
1,first,quiet
1,first,ready
1,first,real
1,first,red
1,first,rich
1,first,right
1,first,round
1,first,sad
1,first,safe
1,first,salt
1,first,same
1,first,second
1,first,selfish
1,first,seven
1,first,seventeen
1,first,seventy
1,first,several
1,first,sharp
1,first,short
1,first,shy
1,first,sick
1,first,silly
1,first,silver
1,first,simple
1,first,six
1,first,sixteen
1,first,sixty
1,first,slow
1,first,small
1,first,smart
1,first,soft
1,first,some
1,first,sorry
1,first,sound
1,first,sour
1,first,south
1,first,special
1,first,still
1,first,strange
1,first,strong
1,first,stupid
1,first,such
1,first,super
1,first,sure
1,first,sweet
1,first,tall
1,first,ten
1,first,that
1,first,then
1,first,these
1,first,third
1,first,thirteen
1,first,thirty
1,first,this
1,first,those
1,first,thousand
1,first,three
1,first,tiny
1,first,top
1,first,total
1,first,TRUE
1,first,twelve
1,first,twenty
1,first,two
1,first,up
1,first,upstairs
1,first,useful
1,first,warm
1,first,weak
1,first,welcome
1,first,well
1,first,west
1,first,what
1,first,which
1,first,white
1,first,whole
1,first,wide
1,first,worse
1,first,worst
1,first,wrong
1,first,yellow
1,first,young
1,first,yucky
1,first,yummy
1,first,act
1,first,add
1,first,address
1,first,age
1,first,agree
1,first,allow
1,first,am
1,first,answer
1,first,ape
1,first,appear
1,first,are
1,first,ask
1,first,back
1,first,ball
1,first,balloon
1,first,bank
1,first,bar
1,first,base
1,first,bat
1,first,bathe
1,first,be
1,first,beach
1,first,beat
1,first,become
1,first,begin
1,first,believe
1,first,belong
1,first,best
1,first,better
1,first,bite
1,first,block
1,first,blow
1,first,book
1,first,bottom
1,first,box
1,first,break
1,first,breakfast
1,first,bridge
1,first,bring
1,first,brown
1,first,bug
1,first,build
1,first,bus
1,first,busy
1,first,butter
1,first,buy
1,first,cage
1,first,call
1,first,camp
1,first,can
1,first,cap
1,first,care
1,first,carry
1,first,case
1,first,catch
1,first,cause
1,first,center
1,first,chair
1,first,chance
1,first,chart
1,first,chase
1,first,check
1,first,class
1,first,clean
1,first,clear
1,first,climb
1,first,close
1,first,cloud
1,first,coat
1,first,color
1,first,come
1,first,continue
1,first,cook
1,first,cool
1,first,correct
1,first,cost
1,first,count
1,first,course
1,first,cover
1,first,cry
1,first,cup
1,first,cut
1,first,dance
1,first,darken
1,first,date
1,first,deal
1,first,decide
1,first,die
1,first,dig
1,first,direct
1,first,dirty
1,first,discover
1,first,dish
1,first,do
1,first,down
1,first,draw
1,first,dream
1,first,drink
1,first,drive
1,first,dry
1,first,duck
1,first,ease
1,first,eat
1,first,edge
1,first,end
1,first,enter
1,first,equal
1,first,even
1,first,examine
1,first,except
1,first,eye
1,first,face
1,first,fall
1,first,fan
1,first,farm
1,first,father
1,first,fear
1,first,feed
1,first,feel
1,first,fight
1,first,fill
1,first,find
1,first,fine
1,first,finger
1,first,finish
1,first,fire
1,first,fish
1,first,floor
1,first,flower
1,first,fly
1,first,fog
1,first,follow
1,first,foot
1,first,force
1,first,forget
1,first,fork
1,first,free
1,first,front
1,first,fruit
1,first,garden
1,first,gas
1,first,get
1,first,give
1,first,go
1,first,gray
1,first,green
1,first,grey
1,first,ground
1,first,group
1,first,grow
1,first,guess
1,first,guest
1,first,guide
1,first,gun
1,first,hand
1,first,happen
1,first,hate
1,first,have
1,first,head
1,first,hear
1,first,heat
1,first,help
1,first,hit
1,first,hold
1,first,hole
1,first,home
1,first,hope
1,first,house
1,first,hurt
1,first,inch
1,first,interest
1,first,iron
1,first,is
1,first,join
1,first,joke
1,first,jump
1,first,keep
1,first,key
1,first,kick
1,first,kid
1,first,kill
1,first,kiss
1,first,knee
1,first,knife
1,first,know
1,first,lack
1,first,lamb
1,first,land
1,first,last
1,first,laugh
1,first,lay
1,first,lead
1,first,leaf
1,first,learn
1,first,leave
1,first,let
1,first,lie
1,first,lift
1,first,light
1,first,like
1,first,line
1,first,list
1,first,listen
1,first,live
1,first,long
1,first,look
1,first,love
1,first,lunch
1,first,machine
1,first,mail
1,first,make
1,first,man
1,first,map
1,first,market
1,first,marry
1,first,master
1,first,matter
1,first,mean
1,first,meet
1,first,middle
1,first,milk
1,first,mind
1,first,miss
1,first,mistake
1,first,mother
1,first,mouth
1,first,move
1,first,name
1,first,near
1,first,neck
1,first,need
1,first,nose
1,first,note
1,first,notice
1,first,number
1,first,nurse
1,first,O.K.
1,first,oil
1,first,OK
1,first,okay
1,first,open
1,first,order
1,first,out
1,first,own
1,first,paint
1,first,pair
1,first,paper
1,first,park
1,first,part
1,first,party
1,first,pass
1,first,pay
1,first,pen
1,first,pencil
1,first,people
1,first,pet
1,first,picture
1,first,piece
1,first,pig
1,first,place
1,first,plan
1,first,plant
1,first,play
1,first,please
1,first,pocket
1,second,point
1,second,police
1,second,pool
1,second,position
1,second,power
1,second,practice
1,second,prepare
1,second,price
1,second,print
1,second,prove
1,second,pull
1,second,push
1,second,put
1,second,question
1,second,quiet
1,second,race
1,second,radio
1,second,rain
1,second,raise
1,second,reach
1,second,read
1,second,ready
1,second,reason
1,second,receive
1,second,remember
1,second,report
1,second,rest
1,second,return
1,second,ride
1,second,ring
1,second,rise
1,second,roll
1,second,roof
1,second,room
1,second,root
1,second,rope
1,second,round
1,second,row
1,second,rub
1,second,rule
1,second,run
1,second,sail
1,second,salt
1,second,sand
1,second,save
1,second,saw
1,second,say
1,second,scare
1,second,school
1,second,seat
1,second,see
1,second,seed
1,second,seem
1,second,seesaw
1,second,sell
1,second,send
1,second,sense
1,second,sentence
1,second,serve
1,second,service
1,second,set
1,second,shake
1,second,shape
1,second,shine
1,second,ship
1,second,shop
1,second,shoulder
1,second,shout
1,second,show
1,second,shut
1,second,sight
1,second,sing
1,second,sit
1,second,size
1,second,skin
1,second,sleep
1,second,slow
1,second,smell
1,second,smile
1,second,smoke
1,second,snake
1,second,snow
1,second,soap
1,second,soil
1,second,sound
1,second,sour
1,second,space
1,second,speak
1,second,spell
1,second,spend
1,second,spoon
1,second,sport
1,second,stand
1,second,star
1,second,start
1,second,state
1,second,station
1,second,stay
1,second,step
1,second,stone
1,second,stop
1,second,store
1,second,study
1,second,sugar
1,second,sun
1,second,surprise
1,second,swim
1,second,tail
1,second,take
1,second,talk
1,second,taste
1,second,teach
1,second,tell
1,second,thank
1,second,think
1,second,throw
1,second,ticket
1,second,tie
1,second,time
1,second,tire
1,second,tool
1,second,top
1,second,total
1,second,touch
1,second,toy
1,second,train
1,second,trip
1,second,trouble
1,second,TRUE
1,second,try
1,second,turn
1,second,understand
1,second,up
1,second,use
1,second,view
1,second,visit
1,second,voice
1,second,wait
1,second,walk
1,second,wall
1,second,want
1,second,war
1,second,warm
1,second,wash
1,second,waste
1,second,watch
1,second,water
1,second,wear
1,second,weather
1,second,weekend
1,second,weigh
1,second,welcome
1,second,while
1,second,will
1,second,win
1,second,wind
1,second,wine
1,second,wish
1,second,word
1,second,work
1,second,worm
1,second,worry
1,second,worst
1,second,write
1,second,wrong
1,second,yellow
1,second,zero
1,second,can
1,second,cannot
1,second,do
1,second,have
1,second,may
1,second,must
1,second,need
1,second,shall
1,second,will
1,second,about
1,second,above
1,second,across
1,second,after
1,second,again
1,second,ago
1,second,ahead
1,second,all
1,second,almost
1,second,alone
1,second,along
1,second,already
1,second,also
1,second,always
1,second,any
1,second,around
1,second,as
1,second,away
1,second,back
1,second,before
1,second,behind
1,second,below
1,second,best
1,second,better
1,second,between
1,second,both
1,second,bright
1,second,but
1,second,by
1,second,clean
1,second,clear
1,second,close
1,second,dear
1,second,deep
1,second,direct
1,second,down
1,second,downstairs
1,second,each
1,second,early
1,second,east
1,second,either
1,second,else
1,second,enough
1,second,even
1,second,ever
1,second,far
1,second,fast
1,second,fine
1,second,first
1,second,free
1,second,good
1,second,half
1,second,hard
1,second,here
1,second,high
1,second,home
1,second,how
1,second,in
1,second,inside
1,second,just
1,second,last
1,second,late
1,second,least
1,second,left
1,second,less
1,second,light
1,second,likely
1,second,little
1,second,long
1,second,loud
1,second,low
1,second,maybe
1,second,more
1,second,most
1,second,much
1,second,near
1,second,never
1,second,next
1,second,no
1,second,nope
1,second,north
1,second,not
1,second,now
1,second,O.K.
1,second,off
1,second,often
1,second,OK
1,second,okay
1,second,on
1,second,once
1,second,only
1,second,out
1,second,outside
1,second,over
1,second,past
1,second,perhaps
1,second,pretty
1,second,quick
1,second,quite
1,second,right
1,second,round
1,second,same
1,second,second
1,second,sharp
1,second,since
1,second,slow
1,second,small
1,second,so
1,second,sometimes
1,second,soon
1,second,south
1,second,still
1,second,super
1,second,sure
1,second,that
1,second,then
1,second,there
1,second,third
1,second,this
1,second,though
1,second,thus
1,second,today
1,second,together
1,second,tomorrow
1,second,tonight
1,second,too
1,second,TRUE
1,second,twice
1,second,under
1,second,up
1,second,upstairs
1,second,very
1,second,well
1,second,west
1,second,when
1,second,where
1,second,why
1,second,wide
1,second,worse
1,second,worst
1,second,wrong
1,second,yeah
1,second,yes
1,second,yesterday
1,second,yet
1,second,about
1,second,above
1,second,according to
1,second,across
1,second,after
1,second,against
1,second,along
1,second,among
1,second,around
1,second,as
1,second,at
1,second,before
1,second,behind
1,second,below
1,second,beside
1,second,between
1,second,but
1,second,by
1,second,down
1,second,during
1,second,except
1,second,excepting
1,second,for
1,second,from
1,second,in
1,second,inside
1,second,into
1,second,less
1,second,like
1,second,near
1,second,of
1,second,off
1,second,on
1,second,out
1,second,outside
1,second,over
1,second,past
1,second,round
1,second,since
1,second,than
1,second,till
1,second,to
1,second,toward
1,second,towards
1,second,under
1,second,until
1,second,up
1,second,with
1,second,after
1,second,and
1,second,as
1,second,because
1,second,before
1,second,but
1,second,either
1,second,for
1,second,if
1,second,nor
1,second,once
1,second,only
1,second,or
1,second,since
1,second,so
1,second,than
1,second,that
1,second,though
1,second,till
1,second,until
1,second,when
1,second,where
1,second,whether
1,second,while
1,second,yet
1,second,act
1,second,action
1,second,actor
1,second,actress
1,second,address
1,second,adult
1,second,afternoon
1,second,age
1,second,agreement
1,second,air
1,second,airmail
1,second,airplane
1,second,airport
1,second,all
1,second,anger
1,second,animal
1,second,answer
1,second,ant
1,second,ape
1,second,apple
1,second,April
1,second,area
1,second,arm
1,second,army
1,second,art
1,second,August
1,second,aunt
1,second,auntie
1,second,aunty
1,second,autumn
1,second,baby
1,second,back
1,second,bag
1,second,ball
1,second,balloon
1,second,banana
1,second,band
1,second,bank
1,second,bar
1,second,barber
1,second,base
1,second,baseball
1,second,basket
1,second,basketball
1,second,bat
1,second,bath
1,second,bathroom
1,second,beach
1,second,bear
1,second,beat
1,second,beauty
1,second,bed
1,second,bee
1,second,bell
1,second,best
1,second,better
1,second,bicycle
1,second,bike
1,second,bird
1,second,birth
1,second,bit
1,second,bite
1,second,black
1,second,block
1,second,blood
1,second,blow
1,second,blue
1,second,boat
1,second,body
1,second,bone
1,second,book
1,second,bottom
1,second,bowl
1,second,box
1,second,boy
1,second,bread
1,second,break
1,second,breakfast
1,second,bridge
1,second,brother
1,second,brown
1,second,buck
1,second,bug
1,second,building
1,second,bus
1,second,butter
1,second,butterfly
1,second,buy
1,second,bye
1,second,cab
1,second,cage
1,second,cake
1,second,call
1,second,camel
1,second,camera
1,second,camp
1,second,can
1,second,candy
1,second,cap
1,second,car
1,second,card
1,second,care
1,second,case
1,second,cat
1,second,catch
1,second,cause
1,second,cent
1,second,center
1,second,chance
1,second,chart
1,second,chase
1,second,check
1,second,chick
1,second,chicken
1,second,chief
1,second,child
1,second,Christmas
1,second,church
1,second,city
1,second,class
1,second,clean
1,second,climb
1,second,clock
1,second,close
1,second,cloud
1,second,coast
1,second,coat
1,second,cocoa
1,second,coffee
1,second,Coke
1,second,cola
1,second,cold
1,second,color
1,second,common
1,second,cook
1,second,cookie
1,second,cooky
1,second,cool
1,second,cop
1,second,corn
1,second,cost
1,second,count
1,second,country
1,second,course
1,second,cover
1,second,cow
1,second,cowboy
1,second,crow
1,second,cry
1,second,cub
1,second,cup
1,second,cut
1,second,dad
1,second,daddy
1,second,dance
1,second,dancer
1,second,danger
1,second,dark
1,second,date
1,second,daughter
1,second,day
1,second,deal
1,second,dear
1,second,death
1,second,December
1,second,deer
1,second,desk
1,second,dig
1,second,dinner
1,second,dish
1,second,dog
1,second,doll
1,second,dollar
1,second,door
1,second,dove
1,second,down
1,second,downstairs
1,second,dozen
1,second,draw
1,second,dream
1,second,drink
1,second,drinking
1,second,drive
1,second,driver
1,second,duck
1,second,duckling
1,second,eagle
1,second,ear
1,second,earth
1,second,ease
1,second,east
1,second,edge
1,second,egg
1,second,eight
1,second,eighteen
1,second,eighty
1,third,elephant
1,third,eleven
1,third,end
1,third,English
1,third,enough
1,third,equal
1,third,evening
1,third,exam
1,third,examination
1,third,example
1,third,eye
1,third,face
1,third,fact
1,third,factory
1,third,fall
1,third,family
1,third,farm
1,third,farmer
1,third,fat
1,third,father
1,third,fear
1,third,February
1,third,feed
1,third,feel
1,third,feeling
1,third,feelings
1,third,fifteen
1,third,fifty
1,third,fight
1,third,fill
1,third,final
1,third,find
1,third,fine
1,third,finger
1,third,finish
1,third,fire
1,third,first
1,third,fish
1,third,five
1,third,floor
1,third,flower
1,third,fly
1,third,fog
1,third,food
1,third,foot
1,third,force
1,third,forest
1,third,fork
1,third,forty
1,third,four
1,third,fourteen
1,third,Friday
1,third,friend
1,third,frog
1,third,front
1,third,fruit
1,third,fun
1,third,game
1,third,garden
1,third,ghost
1,third,gift
1,third,girl
1,third,glass
1,third,glasses
1,third,go
1,third,god
1,third,goddess
1,third,gold
1,third,good
1,third,good-by
1,third,good-bye
1,third,goose
1,third,grandchild
1,third,granddaughter
1,third,grandfather
1,third,grandma
1,third,grandmother
1,third,grandpa
1,third,grandson
1,third,grass
1,third,gray
1,third,great
1,third,green
1,third,grey
1,third,ground
1,third,group
1,third,guess
1,third,guest
1,third,guide
1,third,gun
1,third,hair
1,third,haircut
1,third,half
1,third,ham
1,third,hand
1,third,hat
1,third,hate
1,third,head
1,third,health
1,third,heart
1,third,heat
1,third,hello
1,third,help
1,third,here
1,third,high
1,third,hill
1,third,history
1,third,hit
1,third,hold
1,third,hole
1,third,holiday
1,third,home
1,third,homework
1,third,hope
1,third,horse
1,third,hour
1,third,house
1,third,human
1,third,hundred
1,third,hurt
1,third,husband
1,third,ice
1,third,idea
1,third,inch
1,third,inside
1,third,interest
1,third,iron
1,third,January
1,third,job
1,third,join
1,third,joke
1,third,joy
1,third,juice
1,third,July
1,third,jump
1,third,June
1,third,keep
1,third,keeper
1,third,key
1,third,kick
1,third,kid
1,third,kill
1,third,kind
1,third,king
1,third,kiss
1,third,kitchen
1,third,kite
1,third,kitten
1,third,kitty
1,third,knee
1,third,knife
1,third,lack
1,third,lady
1,third,lake
1,third,lamb
1,third,lamp
1,third,land
1,third,last
1,third,laugh
1,third,law
1,third,leader
1,third,leaf
1,third,leave
1,third,left
1,third,leg
1,third,lesson
1,third,letter
1,third,level
1,third,lie
1,third,life
1,third,lift
1,third,light
1,third,like
1,third,lily
1,third,line
1,third,lion
1,third,lip
1,third,list
1,third,little
1,third,look
1,third,lot
1,third,love
1,third,low
1,third,lunch
1,third,luncheon
1,third,ma
1,third,machine
1,third,mail
1,third,mama
1,third,mamma
1,third,man
1,third,map
1,third,market
1,third,master
1,third,matter
1,third,May
1,third,meat
1,third,meet
1,third,middle
1,third,mile
1,third,milk
1,third,mind
1,third,minute
1,third,miss
1,third,mistake
1,third,mister
1,third,mom
1,third,moment
1,third,mommy
1,third,Monday
1,third,money
1,third,monkey
1,third,month
1,third,moon
1,third,morning
1,third,mother
1,third,mountain
1,third,mouse
1,third,mouth
1,third,movement
1,third,movie
1,third,mud
1,third,mug
1,third,mummy
1,third,music
1,third,must
1,third,name
1,third,nation
1,third,nature
1,third,neck
1,third,need
1,third,news
1,third,newspaper
1,third,night
1,third,nine
1,third,nineteen
1,third,ninety
1,third,no
1,third,noise
1,third,noon
1,third,north
1,third,nose
1,third,note
1,third,nothing
1,third,notice
1,third,November
1,third,now
1,third,number
1,third,nurse
1,third,O.K.
1,third,ocean
1,third,o'clock
1,third,October
1,third,office
1,third,officer
1,third,oil
1,third,OK
1,third,okay
1,third,once
1,third,one
1,third,open
1,third,orange
1,third,order
1,third,out
1,third,outside
1,third,pa
1,third,page
1,third,paint
1,third,pair
1,third,pants
1,third,papa
1,third,paper
1,third,parent
1,third,park
1,third,part
1,third,party
1,third,pass
1,third,past
1,third,payment
1,third,pen
1,third,pencil
1,third,people
1,third,person
1,third,pet
1,third,piano
1,third,picture
1,third,pie
1,third,piece
1,third,pig
1,third,place
1,third,plan
1,third,plane
1,third,plant
1,third,play
1,third,player
1,third,playground
1,third,pocket
1,third,poetry
1,third,point
1,third,police
1,third,policeman
1,third,pond
1,third,pool
1,third,pop
1,third,popcorn
1,third,position
1,third,power
1,third,practice
1,third,price
1,third,print
1,third,problem
1,third,public
1,third,pull
1,third,purple
1,third,purpose
1,third,push
1,third,queen
1,third,question
1,third,quiet
1,third,race
1,third,radio
1,third,railroad
1,third,rain
1,third,rainbow
1,third,raise
1,third,rat
1,third,reach
1,third,reason
1,third,red
1,third,report
1,third,rest
1,third,return
1,third,rice
1,third,ride
1,third,right
1,third,ring
1,third,rise
1,third,river
1,third,road
1,third,robot
1,third,rock
1,third,roof
1,third,room
1,third,rooster
1,third,root
1,third,rope
1,third,rose
1,third,round
1,third,row
1,third,rub
1,third,rubber
1,third,rule
1,third,safe
1,third,sail
1,third,sale
1,third,salt
1,third,sand
1,third,Saturday
1,third,saw
1,third,scare
1,third,scene
1,third,school
1,third,sea
1,third,season
1,third,seat
1,third,second
1,third,seed
1,third,seesaw
1,third,self
1,third,sense
1,third,sentence
1,third,September
1,third,service
1,third,set
1,third,seven
1,third,seventeen
1,third,seventy
1,third,shake
1,third,shape
1,third,shark
1,third,sheep
1,third,sheet
1,third,shine
1,third,ship
1,third,shirt
1,third,shoe
1,third,shop
1,third,shore
1,third,shot
1,third,shoulder
1,third,shout
1,third,show
1,third,side
1,third,sight
1,third,silver
1,third,singer
1,third,sir
1,third,sister
1,third,six
1,third,sixteen
1,third,sixty
1,third,size
1,third,skill
1,third,skin
1,third,sky
1,third,sleep
1,third,small
1,third,smell
1,third,smile
1,third,smoke
1,third,snake
1,third,snow
1,third,soap
1,third,soda
1,third,sofa
1,third,soil
1,third,someone
1,third,something
1,third,son
1,third,song
1,third,soul
1,third,sound
1,third,soup
1,third,sour
1,third,south
1,third,space
1,third,speech
1,third,spoon
1,third,sport
1,third,stair
1,third,stand
1,third,star
1,third,start
1,third,state
1,third,statement
1,third,station
1,third,stay
1,third,step
1,third,stone
1,third,stop
1,third,store
1,third,story
1,third,street
1,third,student
1,third,study
1,third,sugar
1,third,summer
1,third,sun
1,third,Sunday
1,third,supper
1,third,surprise
1,third,sweet
1,third,swim
1,third,table
1,third,tail
1,third,tale
1,third,talk
1,third,taste
1,third,taxi
1,third,taxicab
1,third,tea
1,third,teacher
1,third,ten
1,third,thank
1,third,then
1,third,there
1,third,thing
1,third,third
1,third,thirteen
1,third,thirty
1,third,thought
1,third,thousand
1,third,three
1,third,throw
1,third,Thursday
1,third,ticket
1,third,tie
1,third,tiger
1,third,time
1,third,tire
1,third,today
1,third,tomorrow
1,third,tone
1,third,tonight
1,third,tool
1,third,top
1,third,total
1,third,touch
1,third,town
1,third,toy
1,third,train
1,third,tree
1,third,trip
1,third,trouble
1,third,try
1,third,T-shirt
1,third,Tuesday
1,third,turn
1,third,twelve
1,third,twenty
1,third,two
1,third,uncle
1,third,unit
1,third,up
1,third,upstairs
1,third,use
1,third,vegetable
1,third,view
1,third,visit
1,third,voice
1,third,wait
1,third,walk
1,third,wall
1,third,want
1,third,war
1,third,warm
1,third,warming
1,third,wash
1,third,waste
1,third,watch
1,third,water
1,third,way
1,third,wear
1,third,weather
1,third,wedding
1,third,Wednesday
1,third,week
1,third,weekend
1,third,weight
1,third,welcome
1,third,well
1,third,west
1,third,where
1,third,while
1,third,white
1,third,whole
1,third,why
1,third,wide
1,third,wife
1,third,will
1,third,win
1,third,wind
1,third,window
1,third,wine
1,third,winter
1,third,wish
1,third,woman
1,third,wood
1,third,word
1,third,work
1,third,worker
1,third,world
1,third,worm
1,third,worry
1,third,worse
1,third,worst
1,third,writer
1,third,wrong
1,third,Xmas
1,third,yam
1,third,year
1,third,yellow
1,third,yes
1,third,yesterday
1,third,young
1,third,zero
1,third,zoo
2,first,absent
2,first,active
2,first,alike
2,first,alive
2,first,ancient
2,first,asleep
2,first,backward
2,first,believable
2,first,bitter
2,first,blank
2,first,blind
2,first,bloody
2,first,bony
2,first,brief
2,first,broad
2,first,calm
2,first,central
2,first,cheap
2,first,chemical
2,first,childish
2,first,childlike
2,first,choice
2,first,classic
2,first,clever
2,first,cloudy
2,first,colorful
2,first,comfortable
2,first,complete
2,first,convenient
2,first,costly
2,first,crazy
2,first,cream
2,first,cruel
2,first,curious
2,first,daily
2,first,dangerous
2,first,deaf
2,first,delicious
2,first,dishonest
2,first,distant
2,first,dizzy
2,first,double
2,first,downtown
2,first,dull
2,first,dumb
2,first,eastern
2,first,effective
2,first,elder
2,first,elect
2,first,entire
2,first,exact
2,first,excellent
2,first,expensive
2,first,expert
2,first,express
2,first,extra
2,first,fair
2,first,famous
2,first,favorite
2,first,fearful
2,first,female
2,first,firm
2,first,fit
2,first,flat
2,first,foggy
2,first,following
2,first,foolish
2,first,formal
2,first,former
2,first,forward
2,first,frank
2,first,friendly
2,first,further
2,first,future
2,first,generous
2,first,gentle
2,first,giant
2,first,golden
2,first,grassy
2,first,greedy
2,first,handsome
2,first,hateful
2,first,healthy
2,first,helpful
2,first,homesick
2,first,honest
2,first,humble
2,first,humid
2,first,ill
2,first,independent
2,first,instant
2,first,international
2,first,joint
2,first,juicy
2,first,latest
2,first,legal
2,first,local
2,first,lone
2,first,lonely
2,first,lovely
2,first,magic
2,first,main
2,first,male
2,first,measurable
2,first,military
2,first,minus
2,first,modern
2,first,movable
2,first,naked
2,first,narrow
2,first,national
2,first,natural
2,first,naughty
2,first,nearby
2,first,neat
2,first,necessary
2,first,negative
2,first,neither
2,first,northern
2,first,novel
2,first,official
2,first,ordinary
2,first,overseas
2,first,painful
2,first,particular
2,first,patient
2,first,peaceful
2,first,perfect
2,first,personal
2,first,pink
2,first,plain
2,first,playful
2,first,pleasant
2,first,plus
2,first,polite
2,first,popular
2,first,positive
2,first,powerful
2,first,present
2,first,principal
2,first,private
2,first,proud
2,first,rainy
2,first,rapid
2,first,rare
2,first,recent
2,first,regular
2,first,responsible
2,first,rocky
2,first,royal
2,first,rude
2,first,salty
2,first,secret
2,first,select
2,first,separate
2,first,serious
2,first,shocked
2,first,silent
2,first,similar
2,first,single
2,first,skilled
2,first,skillful
2,first,skinny
2,first,sleepy
2,first,slender
2,first,slim
2,first,snowy
2,first,social
2,first,southern
2,first,square
2,first,standard
2,first,straight
2,first,strict
2,first,successful
2,first,sudden
2,first,sunny
2,first,talkative
2,first,tasty
2,first,teenage
2,first,terrible
2,first,terrific
2,first,thick
2,first,thin
2,first,thirsty
2,first,traditional
2,first,ugly
2,first,uniform
2,first,upper
2,first,used
2,first,usual
2,first,video
2,first,western
2,first,wet
2,first,whatever
2,first,wild
2,first,willing
2,first,windy
2,first,wise
2,first,wonderful
2,first,wooden
2,first,absent
2,first,accept
2,first,advance
2,first,aid
2,first,aim
2,first,alarm
2,first,amount
2,first,apply
2,first,argue
2,first,arm
2,first,arrange
2,first,arrest
2,first,arrive
2,first,attack
2,first,attend
2,first,avoid
2,first,baby-sit
2,first,bake
2,first,barbecue
2,first,bark
2,first,battle
2,first,BBQ
2,first,bead
2,first,bear
2,first,beep
2,first,beg
2,first,belt
2,first,bend
2,first,bet
2,first,bill
2,first,bind
2,first,blind
2,first,board
2,first,boil
2,first,bomb
2,first,borrow
2,first,boss
2,first,bother
2,first,bottle
2,first,bow
2,first,branch
2,first,brand
2,first,brief
2,first,broadcast
2,first,brush
2,first,burn
2,first,burst
2,first,button
2,first,cable
2,first,calm
2,first,cancel
2,first,carpet
2,first,cart
2,first,cartoon
2,first,cash
2,first,cave
2,first,chalk
2,first,change
2,first,charge
2,first,cheat
2,first,choose
2,first,circle
2,first,claim
2,first,clap
2,first,claw
2,first,clothe
2,first,clown
2,first,club
2,first,coach
2,first,coin
2,first,collect
2,first,comb
2,first,compare
2,first,complain
2,first,complete
2,first,confirm
2,first,conflict
2,first,consider
2,first,contact
2,first,contain
2,first,control
2,first,copy
2,first,cough
2,first,couple
2,first,court
2,first,crane
2,first,create
2,first,crop
2,first,cross
2,first,crow
2,first,crowd
2,first,cure
2,first,curtain
2,first,damage
2,first,dawn
2,first,debate
2,first,decorate
2,first,delay
2,first,deliver
2,first,deny
2,first,depend
2,first,describe
2,first,desert
2,first,design
2,first,desire
2,first,detect
2,first,develop
2,first,dial
2,first,disagree
2,first,disappear
2,first,discuss
2,first,display
2,first,distance
2,first,divide
2,first,dot
2,first,double
2,first,doubt
2,first,drag
2,first,dress
2,first,drop
2,first,drug
2,first,drum
2,first,dull
2,first,earn
2,first,effect
2,first,elect
2,first,encourage
2,first,enjoy
2,first,excite
2,first,excuse
2,first,exercise
2,first,exist
2,first,expect
2,first,experience
2,first,explain
2,first,express
2,first,fail
2,first,fault
2,first,favor
2,first,fence
2,first,figure
2,first,film
2,first,firm
2,first,fit
2,first,fix
2,first,flag
2,first,flash
2,first,flat
2,first,flood
2,first,flour
2,first,flow
2,first,flute
2,first,focus
2,first,fool
2,first,forgive
2,first,form
2,first,forward
2,first,frighten
2,first,function
2,first,further
2,first,gain
2,first,garage
2,first,gather
2,first,glue
2,first,golf
2,first,govern
2,first,grade
2,first,greet
2,first,guard
2,first,hammer
2,first,handle
2,first,hang
2,first,hide
2,first,hire
2,first,hop
2,first,hum
2,first,humble
2,first,hunt
2,first,hurry
2,first,ignore
2,first,imagine
2,first,improve
2,first,include
2,first,increase
2,first,indicate
2,first,influence
2,first,ink
2,first,insist
2,first,instance
2,first,interview
2,first,introduce
2,first,invent
2,first,invite
2,first,jam
2,first,jazz
2,first,jog
2,first,joint
2,first,judge
2,first,knock
2,first,lend
2,first,lick
2,first,limit
2,first,link
2,first,locate
2,first,lock
2,first,log
2,first,lose
2,first,lower
2,first,maintain
2,first,mark
2,first,mask
2,first,match
2,first,mate
2,first,measure
2,first,mine
2,first,mirror
2,first,mix
2,first,model
2,first,motion
2,first,multiply
2,first,nail
2,first,narrow
2,first,needle
2,first,neighbor
2,first,nest
2,first,net
2,first,nod
2,first,obey
2,first,object
2,first,occur
2,first,offer
2,first,omit
2,first,operate
2,second,organize
2,second,pack
2,second,package
2,second,pain
2,second,pardon
2,second,parrot
2,second,paste
2,second,pat
2,second,pattern
2,second,pepper
2,second,perfect
2,second,phone
2,second,photo
2,second,photograph
2,second,phrase
2,second,pick
2,second,picnic
2,second,pile
2,second,pillow
2,second,pin
2,second,pipe
2,second,pitch
2,second,plate
2,second,poison
2,second,pose
2,second,post
2,second,pot
2,second,pound
2,second,praise
2,second,pray
2,second,prefer
2,second,present
2,second,press
2,second,pride
2,second,prize
2,second,produce
2,second,progress
2,second,project
2,second,promise
2,second,pronounce
2,second,propose
2,second,protect
2,second,provide
2,second,pump
2,second,punish
2,second,puzzle
2,second,quarter
2,second,quit
2,second,quiz
2,second,range
2,second,realize
2,second,record
2,second,refuse
2,second,regard
2,second,reject
2,second,repeat
2,second,reply
2,second,require
2,second,respect
2,second,result
2,second,review
2,second,rock
2,second,rush
2,second,sample
2,second,sandwich
2,second,satisfy
2,second,sauce
2,second,score
2,second,screen
2,second,search
2,second,section
2,second,select
2,second,separate
2,second,settle
2,second,share
2,second,shell
2,second,shock
2,second,shoot
2,second,shower
2,second,sign
2,second,silence
2,second,single
2,second,sink
2,second,skirt
2,second,slide
2,second,slim
2,second,slip
2,second,snack
2,second,solve
2,second,sort
2,second,speed
2,second,spot
2,second,spread
2,second,spring
2,second,stage
2,second,stamp
2,second,steal
2,second,steam
2,second,steel
2,second,stick
2,second,storm
2,second,stream
2,second,stress
2,second,stretch
2,second,strike
2,second,string
2,second,struggle
2,second,subtract
2,second,succeed
2,second,suit
2,second,supply
2,second,support
2,second,surface
2,second,survive
2,second,swallow
2,second,sweep
2,second,swing
2,second,tape
2,second,target
2,second,task
2,second,team
2,second,tear
2,second,telephone
2,second,term
2,second,test
2,second,thumb
2,second,thunder
2,second,tip
2,second,title
2,second,toast
2,second,toe
2,second,tongue
2,second,tour
2,second,towel
2,second,tower
2,second,track
2,second,trade
2,second,traffic
2,second,trap
2,second,travel
2,second,treasure
2,second,treat
2,second,trick
2,second,truck
2,second,trumpet
2,second,trust
2,second,tunnel
2,second,type
2,second,uniform
2,second,vacation
2,second,value
2,second,vote
2,second,wake
2,second,wave
2,second,wed
2,second,wet
2,second,wheel
2,second,whisper
2,second,widen
2,second,wing
2,second,wire
2,second,wonder
2,second,wound
2,second,abroad
2,second,alike
2,second,aloud
2,second,altogether
2,second,anyhow
2,second,anyplace
2,second,anytime
2,second,anyway
2,second,anywhere
2,second,backward
2,second,backwards
2,second,besides
2,second,beyond
2,second,cheap
2,second,daily
2,second,double
2,second,downtown
2,second,especially
2,second,express
2,second,extra
2,second,fair
2,second,firm
2,second,flat
2,second,forward
2,second,forwards
2,second,further
2,second,hardly
2,second,however
2,second,ill
2,second,increasingly
2,second,nearby
2,second,nearly
2,second,neither
2,second,none
2,second,overseas
2,second,rather
2,second,simply
2,second,somewhere
2,second,straight
2,second,therefore
2,second,through
2,second,throughout
2,second,whenever
2,second,wherever
2,second,wild
2,second,within
2,second,without
2,second,besides
2,second,beyond
2,second,following
2,second,minus
2,second,per
2,second,plus
2,second,through
2,second,throughout
2,second,upon
2,second,within
2,second,without
2,second,worth
2,second,although
2,second,neither
2,second,whenever
2,second,wherever
2,second,ability
2,second,absence
2,second,addition
2,second,advance
2,second,affair
2,second,aid
2,second,aim
2,second,aircraft
2,second,airline
2,second,alarm
2,second,album
2,second,almond
2,second,alphabet
2,second,amount
2,second,ankle
2,second,apartment
2,second,appearance
2,second,appetite
2,second,apron
2,second,argument
2,second,armchair
2,second,arrangement
2,second,arrest
2,second,arrow
2,second,artist
2,second,assistant
2,second,attack
2,second,attention
2,second,baby-sitter
2,second,bakery
2,second,balcony
2,second,bamboo
2,second,banker
2,second,barbecue
2,second,bark
2,second,basement
2,second,basics
2,second,basis
2,second,battle
2,second,bead
2,second,bean
2,second,beard
2,second,bedroom
2,second,beef
2,second,beep
2,second,beer
2,second,beetle
2,second,beginner
2,second,belief
2,second,belt
2,second,bench
2,second,bend
2,second,bet
2,second,bill
2,second,blackboard
2,second,blank
2,second,board
2,second,boil
2,second,bomb
2,second,bookcase
2,second,boss
2,second,bother
2,second,bottle
2,second,bow
2,second,bowling
2,second,brain
2,second,branch
2,second,brand
2,second,brick
2,second,brief
2,second,broadcast
2,second,brunch
2,second,brush
2,second,bun
2,second,bundle
2,second,burger
2,second,burn
2,second,burst
2,second,business
2,second,button
2,second,cabbage
2,second,cable
2,second,café
2,second,cafeteria
2,second,calendar
2,second,calm
2,second,cancer
2,second,candle
2,second,captain
2,second,carpet
2,second,carrot
2,second,cart
2,second,cartoon
2,second,cash
2,second,cassette
2,second,castle
2,second,catsup
2,second,cave
2,second,ceiling
2,second,cell
2,second,century
2,second,cereal
2,second,chalk
2,second,change
2,second,character
2,second,charge
2,second,cheat
2,second,chemical
2,second,chess
2,second,chin
2,second,chocolate
2,second,choice
2,second,chopstick
2,second,circle
2,second,citizen
2,second,claim
2,second,clap
2,second,classic
2,second,claw
2,second,clay
2,second,cleaner
2,second,clerk
2,second,climate
2,second,closet
2,second,cloth
2,second,clothes
2,second,clothing
2,second,clown
2,second,club
2,second,coach
2,second,coal
2,second,cock
2,second,cockroach
2,second,coin
2,second,comb
2,second,company
2,second,completion
2,second,computer
2,second,conflict
2,second,Confucius
2,second,congratulation
2,second,contact
2,second,control
2,second,controller
2,second,conversation
2,second,cooker
2,second,copy
2,second,corner
2,second,cotton
2,second,cough
2,second,countryside
2,second,county
2,second,couple
2,second,courage
2,second,court
2,second,cousin
2,second,crab
2,second,crane
2,second,crayon
2,second,cream
2,second,crime
2,second,crisis
2,second,crop
2,second,cross
2,second,crowd
2,second,culture
2,second,cure
2,second,curtain
2,second,custom
2,second,customer
2,second,daily
2,second,damage
2,second,data
2,second,dawn
2,second,debate
2,second,debt
2,second,decision
2,second,degree
2,second,delay
2,second,dentist
2,second,department
2,second,depth
2,second,desert
2,second,design
2,second,desire
2,second,dessert
2,second,development
2,second,dew
2,second,dial
2,second,diamond
2,second,diary
2,second,dictionary
2,second,difference
2,second,difficulty
2,second,dinosaur
2,second,direction
2,second,director
2,second,disagreement
2,second,discussion
2,second,display
2,second,distance
2,second,divide
2,second,division
2,second,dolphin
2,second,donkey
2,second,dot
2,second,double
2,second,doubt
2,second,doughnut
2,second,downtown
2,second,drag
2,second,dragon
2,second,dragonfly
2,second,drama
2,second,drawer
2,second,drawing
2,second,dress
2,second,drop
2,second,drug
2,second,drugstore
2,second,drum
2,second,dryer
2,second,dumpling
2,second,duty
2,second,earthquake
2,second,education
2,second,effect
2,second,effort
2,second,elder
2,second,element
2,second,elevator
2,second,emotion
2,second,encouragement
2,second,ending
2,second,enemy
2,second,energy
2,second,enjoyment
2,second,entrance
2,second,envelope
2,second,environment
2,second,eraser
2,second,error
2,second,event
2,second,excitement
2,second,excuse
2,second,exercise
2,second,experience
2,second,expert
2,second,express
2,second,extra
2,second,eyebrow
2,second,fail
2,second,failure
2,second,fair
2,second,fault
2,second,favor
2,second,favorite
2,second,fee
2,second,fellow
2,second,female
2,second,fence
2,second,festival
2,second,fever
2,second,field
2,second,fighter
2,second,figure
2,second,film
2,second,fireman
2,second,firewoman
2,second,fisherman
2,second,fit
2,second,fix
2,second,flag
2,second,flash
2,third,flashlight
2,third,flat
2,third,flight
2,third,flood
2,third,flour
2,third,flow
2,third,flu
2,third,flute
2,third,focus
2,third,following
2,third,fool
2,third,football
2,third,foreigner
2,third,form
2,third,forward
2,third,fox
2,third,freedom
2,third,freezer
2,third,fridge
2,third,fright
2,third,function
2,third,future
2,third,gain
2,third,garage
2,third,garbage
2,third,gardener
2,third,gate
2,third,general
2,third,gentleman
2,third,geography
2,third,giant
2,third,giraffe
2,third,glove
2,third,glue
2,third,goal
2,third,goat
2,third,golf
2,third,government
2,third,grade
2,third,grape
2,third,growth
2,third,guard
2,third,guava
2,third,guitar
2,third,guy
2,third,habit
2,third,hall
2,third,hamburger
2,third,hammer
2,third,handkerchief
2,third,handle
2,third,hanger
2,third,heater
2,third,height
2,third,hen
2,third,hero
2,third,heroine
2,third,highway
2,third,hip
2,third,hippo
2,third,hippopotamus
2,third,hire
2,third,hobby
2,third,holder
2,third,honey
2,third,hop
2,third,hospital
2,third,host
2,third,hostess
2,third,hotel
2,third,hum
2,third,humor
2,third,hunger
2,third,hunt
2,third,hunter
2,third,hurry
2,third,icebox
2,third,ill
2,third,importance
2,third,improvement
2,third,income
2,third,increase
2,third,independence
2,third,industry
2,third,influence
2,third,ink
2,third,insect
2,third,instance
2,third,instant
2,third,instrument
2,third,interview
2,third,invitation
2,third,island
2,third,item
2,third,jacket
2,third,jam
2,third,jazz
2,third,jeans
2,third,jeep
2,third,jog
2,third,joint
2,third,judge
2,third,judgement
2,third,judgment
2,third,ketchup
2,third,kindergarten
2,third,kingdom
2,third,knock
2,third,knowledge
2,third,koala
2,third,ladybird
2,third,ladybug
2,third,lane
2,third,language
2,third,lantern
2,third,lap
2,third,lawyer
2,third,leadership
2,third,lemon
2,third,lemonade
2,third,length
2,third,leopard
2,third,lettuce
2,third,library
2,third,lick
2,third,lid
2,third,lightning
2,third,limit
2,third,link
2,third,liquid
2,third,listener
2,third,loaf
2,third,local
2,third,lock
2,third,log
2,third,loser
2,third,loss
2,third,lover
2,third,luck
2,third,magazine
2,third,magic
2,third,magician
2,third,main
2,third,male
2,third,Mandarin
2,third,mango
2,third,manner
2,third,mark
2,third,marriage
2,third,mask
2,third,mass
2,third,mat
2,third,match
2,third,mate
2,third,meal
2,third,meaning
2,third,means
2,third,measurement
2,third,medicine
2,third,meeting
2,third,melody
2,third,melon
2,third,member
2,third,memory
2,third,menu
2,third,message
2,third,metal
2,third,meter
2,third,method
2,third,metro
2,third,military
2,third,million
2,third,mine
2,third,minus
2,third,mirror
2,third,mix
2,third,model
2,third,monster
2,third,mosquito
2,third,moth
2,third,motion
2,third,motorcycle
2,third,mule
2,third,museum
2,third,musician
2,third,nail
2,third,napkin
2,third,necklace
2,third,needle
2,third,negative
2,third,neighbor
2,third,nephew
2,third,nest
2,third,net
2,third,niece
2,third,nobody
2,third,nod
2,third,noodle
2,third,notebook
2,third,novel
2,third,nut
2,third,object
2,third,offer
2,third,official
2,third,onion
2,third,opinion
2,third,organ
2,third,organization
2,third,oven
2,third,overpass
2,third,owl
2,third,owner
2,third,ox
2,third,pack
2,third,package
2,third,pain
2,third,painter
2,third,painting
2,third,pajamas
2,third,palm
2,third,pan
2,third,panda
2,third,papaya
2,third,pardon
2,third,parrot
2,third,partner
2,third,passenger
2,third,paste
2,third,pat
2,third,path
2,third,patient
2,third,pattern
2,third,peace
2,third,peach
2,third,peanut
2,third,pear
2,third,penguin
2,third,pepper
2,third,perfect
2,third,period
2,third,phone
2,third,photo
2,third,photograph
2,third,photographer
2,third,phrase
2,third,pick
2,third,picnic
2,third,pigeon
2,third,pile
2,third,pillow
2,third,pin
2,third,pineapple
2,third,ping-pong
2,third,pink
2,third,pipe
2,third,pitch
2,third,pizza
2,third,plain
2,third,planet
2,third,plate
2,third,platform
2,third,pleasure
2,third,plus
2,third,poem
2,third,poet
2,third,poison
2,third,policy
2,third,population
2,third,pork
2,third,port
2,third,pose
2,third,positive
2,third,possibility
2,third,post
2,third,postcard
2,third,pot
2,third,potato
2,third,pound
2,third,praise
2,third,presence
2,third,present
2,third,president
2,third,press
2,third,pride
2,third,prince
2,third,princess
2,third,principal
2,third,principle
2,third,printer
2,third,prison
2,third,prisoner
2,third,prize
2,third,produce
2,third,producer
2,third,progress
2,third,project
2,third,promise
2,third,pudding
2,third,pump
2,third,pumpkin
2,third,punishment
2,third,pupil
2,third,puppet
2,third,puppy
2,third,purse
2,third,puzzle
2,third,quality
2,third,quantity
2,third,quarter
2,third,quiz
2,third,rabbit
2,third,range
2,third,reality
2,third,record
2,third,rectangle
2,third,refrigerator
2,third,regard
2,third,region
2,third,regular
2,third,relation
2,third,relationship
2,third,repeat
2,third,reply
2,third,reporter
2,third,requirement
2,third,respect
2,third,restaurant
2,third,restroom
2,third,restroom
2,third,result
2,third,review
2,third,riches
2,third,roach
2,third,role
2,third,roll
2,third,ruler
2,third,runner
2,third,rush
2,third,safety
2,third,sailor
2,third,salad
2,third,sample
2,third,sandwich
2,third,sauce
2,third,science
2,third,scientist
2,third,scissors
2,third,score
2,third,screen
2,third,search
2,third,secret
2,third,secretary
2,third,section
2,third,selection
2,third,semester
2,third,servant
2,third,settlement
2,third,share
2,third,shelf
2,third,shell
2,third,shock
2,third,shoot
2,third,shorts
2,third,shower
2,third,shrimp
2,third,sidewalk
2,third,sign
2,third,silence
2,third,silk
2,third,single
2,third,sink
2,third,skirt
2,third,slide
2,third,slip
2,third,slipper
2,third,snack
2,third,snail
2,third,soccer
2,third,society
2,third,sock
2,third,soldier
2,third,solution
2,third,somebody
2,third,sort
2,third,source
2,third,soy
2,third,soybean
2,third,speaker
2,third,speed
2,third,spelling
2,third,spider
2,third,spinach
2,third,spirit
2,third,spot
2,third,spread
2,third,spring
2,third,square
2,third,squirrel
2,third,stage
2,third,stamp
2,third,standard
2,third,steak
2,third,steam
2,third,steel
2,third,stick
2,third,storm
2,third,stove
2,third,straight
2,third,stranger
2,third,straw
2,third,strawberry
2,third,stream
2,third,stress
2,third,stretch
2,third,strike
2,third,string
2,third,struggle
2,third,subject
2,third,subway
2,third,success
2,third,sudden
2,third,suit
2,third,supermarket
2,third,supply
2,third,support
2,third,surface
2,third,swallow
2,third,swan
2,third,sweater
2,third,sweep
2,third,swing
2,third,symbol
2,third,table tennis
2,third,talent
2,third,tangerine
2,third,tank
2,third,tape
2,third,target
2,third,task
2,third,team
2,third,tear
2,third,teen
2,third,teenager
2,third,telephone
2,third,television
2,third,temple
2,third,tennis
2,third,tent
2,third,term
2,third,test
2,third,textbook
2,third,theater
2,third,thief
2,third,throat
2,third,thumb
2,third,thunder
2,third,tip
2,third,title
2,third,toast
2,third,toe
2,third,tofu
2,third,toilet
2,third,tomato
2,third,tongue
2,third,tooth
2,third,topic
2,third,tour
2,third,towel
2,third,tower
2,third,track
2,third,trade
2,third,tradition
2,third,traffic
2,third,trap
2,third,travel
2,third,treasure
2,third,treat
2,third,treatment
2,third,trial
2,third,triangle
2,third,trick
2,third,trousers
2,third,truck
2,third,trumpet
2,third,trust
2,third,truth
2,third,tube
2,third,tunnel
2,third,turkey
2,third,turtle
2,third,type
2,third,typhoon
2,third,umbrella
2,third,underground
2,third,underwear
2,third,uniform
2,third,user
2,third,vacation
2,third,valley
2,third,value
2,third,victory
2,third,video
2,third,village
2,third,violin
2,third,visitor
2,third,vocabulary
2,third,volleyball
2,third,vote
2,third,voter
2,third,waist
2,third,waiter
2,third,waitress
2,third,wallet
2,third,waterfall
2,third,watermelon
2,third,wave
2,third,weapon
2,third,weekday
2,third,western
2,third,whale
2,third,wheel
2,third,whisper
2,third,width
2,third,wild
2,third,wing
2,third,winner
2,third,wire
2,third,wolf
2,third,wonder
2,third,wool
2,third,worth
2,third,wound
2,third,yard
2,third,youth
2,third,zebra
3,first,acceptable
3,first,accurate
3,first,actual
3,first,additional
3,first,advanced
3,first,apparent
3,first,arithmetic
3,first,attractive
3,first,automatic
3,first,available
3,first,average
3,first,awake
3,first,aware
3,first,awful
3,first,bare
3,first,bold
3,first,brass
3,first,brilliant
3,first,capable
3,first,capital
3,first,casual
3,first,ceramic
3,first,changeable
3,first,cheerful
3,first,cherry
3,first,chill
3,first,chilly
3,first,civil
3,first,classical
3,first,commercial
3,first,complex
3,first,confident
3,first,conscious
3,first,considerable
3,first,constant
3,first,countable
3,first,creative
3,first,criminal
3,first,crisp
3,first,crispy
3,first,crunchy
3,first,cultural
3,first,current
3,first,darling
3,first,democratic
3,first,desirable
3,first,diligent
3,first,dim
3,first,domestic
3,first,doubtful
3,first,dramatic
3,first,drowsy
3,first,drunk
3,first,due
3,first,eager
3,first,educational
3,first,efficient
3,first,elderly
3,first,electric
3,first,electrical
3,first,electronic
3,first,empty
3,first,energetic
3,first,enjoyable
3,first,environmental
3,first,evil
3,first,expressive
3,first,extreme
3,first,faint
3,first,fairy
3,first,fake
3,first,familiar
3,first,fancy
3,first,farther
3,first,fashionable
3,first,fond
3,first,frequent
3,first,global
3,first,gradual
3,first,handy
3,first,harmful
3,first,hasty
3,first,historic
3,first,historical
3,first,hollow
3,first,holy
3,first,horrible
3,first,hourly
3,first,humorous
3,first,icy
3,first,ideal
3,first,immediate
3,first,impressive
3,first,individual
3,first,indoor
3,first,industrial
3,first,inferior
3,first,inner
3,first,innocent
3,first,internal
3,first,ivory
3,first,jealous
3,first,joyful
3,first,latter
3,first,liberal
3,first,lively
3,first,loose
3,first,magical
3,first,major
3,first,manageable
3,first,marvelous
3,first,mathematical
3,first,mature
3,first,meaningful
3,first,medical
3,first,mental
3,first,merry
3,first,mighty
3,first,minor
3,first,missing
3,first,mobile
3,first,moist
3,first,moral
3,first,musical
3,first,native
3,first,nervous
3,first,noble
3,first,normal
3,first,obvious
3,first,odd
3,first,opposite
3,first,optimistic
3,first,original
3,first,outdoor
3,first,outer
3,first,pale
3,first,plastic
3,first,political
3,first,pop
3,first,practical
3,first,precious
3,first,previous
3,first,primary
3,first,probable
3,first,proper
3,first,protective
3,first,pure
3,first,queer
3,first,racial
3,first,raw
3,first,reasonable
3,first,regional
3,first,reliable
3,first,religious
3,first,remote
3,first,representative
3,first,ripe
3,first,roast
3,first,romantic
3,first,rotten
3,first,rough
3,first,routine
3,first,rusty
3,first,satisfactory
3,first,scarce
3,first,scary
3,first,scientific
3,first,secondary
3,first,sensible
3,first,sensitive
3,first,sexual
3,first,sexy
3,first,shady
3,first,shallow
3,first,shiny
3,first,significant
3,first,sincere
3,first,slippery
3,first,smooth
3,first,solid
3,first,sore
3,first,specific
3,first,stable
3,first,stale
3,first,steady
3,first,steep
3,first,sticky
3,first,stiff
3,first,stormy
3,first,stubborn
3,first,sufficient
3,first,suitable
3,first,superior
3,first,suspect
3,first,swift
3,first,tame
3,first,technical
3,first,temporary
3,first,tender
3,first,thankful
3,first,tidy
3,first,tight
3,first,tricky
3,first,tropical
3,first,truthful
3,first,typical
3,first,upset
3,first,vacant
3,first,valuable
3,first,various
3,first,violent
3,first,violet
3,first,visible
3,first,vivid
3,first,wealthy
3,first,wicked
3,first,x-ray
3,first,account
3,first,ache
3,first,achieve
3,first,admire
3,first,admit
3,first,adopt
3,first,advertise
3,first,advise
3,first,affect
3,first,afford
3,first,amaze
3,first,announce
3,first,appeal
3,first,appreciate
3,first,approach
3,first,approve
3,first,assist
3,first,attempt
3,first,attract
3,first,author
3,first,average
3,first,awake
3,first,awaken
3,first,award
3,first,ax
3,first,axe
3,first,bait
3,first,balance
3,first,bandage
3,first,bang
3,first,bare
3,first,beam
3,first,behave
3,first,benefit
3,first,blame
3,first,blanket
3,first,bleed
3,first,bless
3,first,boot
3,first,border
3,first,bore
3,first,brake
3,first,breathe
3,first,breeze
3,first,bubble
3,first,bud
3,first,budget
3,first,bump
3,first,burden
3,first,bury
3,first,buzz
3,first,canoe
3,first,capture
3,first,cast
3,first,celebrate
3,first,chain
3,first,challenge
3,first,channel
3,first,charm
3,first,chat
3,first,cheer
3,first,chew
3,first,chill
3,first,chip
3,first,choke
3,first,chop
3,first,click
3,first,clip
3,first,combine
3,first,comfort
3,first,command
3,first,communicate
3,first,compete
3,first,concern
3,first,conclude
3,first,condition
3,first,confuse
3,first,connect
3,first,contract
3,first,couch
3,first,cradle
3,first,crash
3,first,crawl
3,first,credit
3,first,creep
3,first,crown
3,first,cycle
3,first,dam
3,first,dare
3,first,dash
3,first,deafen
3,first,deepen
3,first,define
3,first,deposit
3,first,destroy
3,first,detail
3,first,determine
3,first,diet
3,first,dim
3,first,dine
3,first,dip
3,first,disappoint
3,first,discount
3,first,dislike
3,first,ditch
3,first,dive
3,first,dock
3,first,dodge
3,first,dose
3,first,drain
3,first,drip
3,first,drown
3,first,dump
3,first,dust
3,first,echo
3,first,edit
3,first,educate
3,first,elbow
3,first,emphasize
3,first,employ
3,first,empty
3,first,enable
3,first,engage
3,first,envy
3,first,erase
3,first,escape
3,first,exchange
3,first,exit
3,first,experiment
3,first,explode
3,first,export
3,first,fade
3,first,faint
3,first,fake
3,first,fancy
3,first,fashion
3,first,fasten
3,first,fax
3,first,feature
3,first,file
3,first,fist
3,first,flame
3,first,flavor
3,first,float
3,first,flock
3,first,fold
3,first,found
3,second,freeze
3,second,frequent
3,second,frustrate
3,second,fry
3,second,fund
3,second,gamble
3,second,gang
3,second,gesture
3,second,glance
3,second,glory
3,second,glow
3,second,gossip
3,second,grab
3,second,graduate
3,second,grasp
3,second,grin
3,second,harbor
3,second,harm
3,second,harvest
3,second,hatch
3,second,headline
3,second,heal
3,second,heap
3,second,heel
3,second,hesitate
3,second,hike
3,second,hint
3,second,hollow
3,second,honor
3,second,hug
3,second,hush
3,second,import
3,second,impress
3,second,inform
3,second,injure
3,second,inspect
3,second,interrupt
3,second,investigate
3,second,jail
3,second,jaw
3,second,jet
3,second,journey
3,second,junk
3,second,kneel
3,second,knight
3,second,knit
3,second,knot
3,second,label
3,second,lace
3,second,leak
3,second,leap
3,second,lengthen
3,second,litter
3,second,load
3,second,loosen
3,second,lullaby
3,second,major
3,second,manage
3,second,march
3,second,melt
3,second,memorize
3,second,mend
3,second,mention
3,second,mess
3,second,microwave
3,second,mill
3,second,mist
3,second,mob
3,second,mop
3,second,murder
3,second,mushroom
3,second,nap
3,second,nickname
3,second,observe
3,second,occasion
3,second,orphan
3,second,outline
3,second,owe
3,second,pad
3,second,panic
3,second,parade
3,second,parcel
3,second,participate
3,second,pause
3,second,pave
3,second,paw
3,second,peak
3,second,peel
3,second,peep
3,second,perform
3,second,permit
3,second,persuade
3,second,pickle
3,second,pilot
3,second,pit
3,second,pity
3,second,plug
3,second,poll
3,second,pollute
3,second,pop
3,second,portion
3,second,postpone
3,second,pour
3,second,powder
3,second,pressure
3,second,pretend
3,second,prevent
3,second,process
3,second,profit
3,second,program
3,second,promote
3,second,punch
3,second,pursue
3,second,quarrel
3,second,quote
3,second,rank
3,second,rate
3,second,react
3,second,recognize
3,second,recover
3,second,reduce
3,second,regret
3,second,relate
3,second,relax
3,second,release
3,second,rely
3,second,remain
3,second,remind
3,second,remove
3,second,renew
3,second,rent
3,second,repair
3,second,replace
3,second,represent
3,second,request
3,second,reserve
3,second,resist
3,second,respond
3,second,restrict
3,second,reveal
3,second,rid
3,second,risk
3,second,roar
3,second,roast
3,second,rob
3,second,robe
3,second,rocket
3,second,rot
3,second,rough
3,second,rumor
3,second,rust
3,second,scatter
3,second,schedule
3,second,scoop
3,second,scout
3,second,scream
3,second,screw
3,second,scrub
3,second,seal
3,second,seek
3,second,seize
3,second,sew
3,second,shade
3,second,shadow
3,second,shame
3,second,shampoo
3,second,shave
3,second,shorten
3,second,shovel
3,second,shrink
3,second,sigh
3,second,signal
3,second,sin
3,second,sip
3,second,skate
3,second,ski
3,second,skip
3,second,slave
3,second,slice
3,second,smooth
3,second,snap
3,second,sorrow
3,second,spice
3,second,spill
3,second,spin
3,second,spit
3,second,splash
3,second,spoil
3,second,sprain
3,second,spray
3,second,sprinkle
3,second,spy
3,second,squeeze
3,second,stab
3,second,staff
3,second,stare
3,second,starve
3,second,steady
3,second,sting
3,second,stir
3,second,stitch
3,second,strip
3,second,structure
3,second,stuff
3,second,style
3,second,suck
3,second,suffer
3,second,suggest
3,second,sum
3,second,suppose
3,second,surround
3,second,survey
3,second,suspect
3,second,swear
3,second,sweat
3,second,swell
3,second,switch
3,second,tack
3,second,tag
3,second,tailor
3,second,tame
3,second,tax
3,second,tease
3,second,tend
3,second,thread
3,second,threaten
3,second,tickle
3,second,tidy
3,second,tighten
3,second,toss
3,second,tow
3,second,trace
3,second,trail
3,second,transport
3,second,trash
3,second,tremble
3,second,troop
3,second,tug
3,second,tumble
3,second,tune
3,second,tutor
3,second,twist
3,second,unite
3,second,upset
3,second,vanish
3,second,vary
3,second,wag
3,second,waken
3,second,wander
3,second,warn
3,second,wax
3,second,weaken
3,second,weave
3,second,web
3,second,weed
3,second,weep
3,second,whip
3,second,whistle
3,second,wink
3,second,wipe
3,second,wrap
3,second,x-ray
3,second,yawn
3,second,yell
3,second,zipper
3,second,zone
3,second,dare
3,second,ought
3,second,aboard
3,second,afterward
3,second,afterwards
3,second,apart
3,second,aside
3,second,badly
3,second,bang
3,second,barely
3,second,due
3,second,fairly
3,second,farther
3,second,forever
3,second,forth
3,second,hourly
3,second,indeed
3,second,indoors
3,second,instead
3,second,meanwhile
3,second,opposite
3,second,outdoors
3,second,plenty
3,second,pop
3,second,rough
3,second,seldom
3,second,shortly
3,second,someday
3,second,somehow
3,second,sometime
3,second,somewhat
3,second,steady
3,second,threateningly
3,second,tight
3,second,aboard
3,second,beneath
3,second,onto
3,second,opposite
3,second,unless
3,second,accident
3,second,account
3,second,ache
3,second,achievement
3,second,activity
3,second,ad
3,second,advantage
3,second,adventure
3,second,advertisement
3,second,advice
3,second,adviser
3,second,advisor
3,second,agriculture
3,second,alley
3,second,amazement
3,second,ambassador
3,second,ambition
3,second,angel
3,second,angle
3,second,announcement
3,second,appeal
3,second,approach
3,second,aquarium
3,second,arithmetic
3,second,arrival
3,second,ash
3,second,athlete
3,second,attempt
3,second,attitude
3,second,audience
3,second,author
3,second,auto
3,second,automobile
3,second,avenue
3,second,average
3,second,award
3,second,ax
3,second,axe
3,second,background
3,second,bacon
3,second,bacteria
3,second,badminton
3,second,baggage
3,second,bait
3,second,balance
3,second,bandage
3,second,bang
3,second,barn
3,second,barrel
3,second,bay
3,second,beast
3,second,beggar
3,second,being
3,second,belly
3,second,benefit
3,second,berry
3,second,Bible
3,second,billion
3,second,bingo
3,second,biscuit
3,second,blame
3,second,blanket
3,second,blouse
3,second,boot
3,second,border
3,second,bore
3,second,brake
3,second,brass
3,second,bravery
3,second,breast
3,second,breath
3,second,breeze
3,second,bride
3,second,brook
3,second,broom
3,second,brow
3,second,bubble
3,second,bucket
3,second,bud
3,second,budget
3,second,buffalo
3,second,buffet
3,second,bulb
3,second,bull
3,second,bullet
3,second,bump
3,second,bunch
3,second,burden
3,second,burglar
3,second,bush
3,second,buzz
3,second,cabin
3,second,campus
3,second,cane
3,second,canoe
3,second,canyon
3,second,capital
3,second,capture
3,second,carpenter
3,second,carriage
3,second,cast
3,second,caterpillar
3,second,cattle
3,second,centimeter
3,second,ceramics
3,second,chain
3,second,challenge
3,second,champion
3,second,channel
3,second,chapter
3,second,charm
3,second,chat
3,second,cheek
3,second,cheer
3,second,cheese
3,second,cherry
3,second,chest
3,second,chew
3,second,childhood
3,second,chill
3,second,chimney
3,second,China
3,second,chip
3,second,choke
3,second,chop
3,second,cigarette
3,second,circus
3,second,click
3,second,client
3,second,clinic
3,second,clip
3,second,clue
3,second,cocktail
3,second,coconut
3,second,collar
3,second,collection
3,second,college
3,second,colony
3,second,column
3,second,comfort
3,second,comma
3,second,command
3,second,commercial
3,second,committee
3,second,comparison
3,second,complaint
3,second,complex
3,second,concern
3,second,concert
3,second,conclusion
3,second,condition
3,second,cone
3,second,connection
3,second,consideration
3,second,constant
3,second,continent
3,second,contract
3,second,couch
3,second,coward
3,second,cradle
3,second,crash
3,second,crawl
3,second,creator
3,second,creature
3,second,credit
3,second,crew
3,second,cricket
3,second,criminal
3,second,crown
3,second,crutch
3,second,cupboard
3,second,current
3,second,cycle
3,second,dairy
3,second,dam
3,second,darling
3,second,dash
3,second,dealer
3,second,decade
3,second,deck
3,second,deed
3,second,definition
3,second,delivery
3,second,democracy
3,second,deposit
3,second,description
3,second,designer
3,second,detail
3,second,devil
3,second,dialogue
3,second,diet
3,second,dime
3,second,dip
3,second,dirt
3,second,disappointment
3,second,disc
3,third,disco
3,third,discotheque
3,third,discount
3,third,discovery
3,third,disease
3,third,disk
3,third,dislike
3,third,ditch
3,third,dive
3,third,dock
3,third,dodge
3,third,dose
3,third,drain
3,third,drip
3,third,drunk
3,third,due
3,third,dump
3,third,dust
3,third,earnings
3,third,echo
3,third,edition
3,third,editor
3,third,elbow
3,third,election
3,third,electricity
3,third,emergency
3,third,emperor
3,third,employee
3,third,employer
3,third,employment
3,third,engagement
3,third,engine
3,third,engineer
3,third,entry
3,third,envy
3,third,escape
3,third,evil
3,third,excellence
3,third,exchange
3,third,exhibition
3,third,existence
3,third,exit
3,third,expectation
3,third,expense
3,third,experiment
3,third,export
3,third,expression
3,third,extreme
3,third,fable
3,third,factor
3,third,faint
3,third,fairy
3,third,faith
3,third,fake
3,third,fan
3,third,fanatic
3,third,fancy
3,third,fare
3,third,fashion
3,third,fate
3,third,faucet
3,third,fax
3,third,feather
3,third,feature
3,third,file
3,third,firework
3,third,fist
3,third,flame
3,third,flavor
3,third,flea
3,third,flesh
3,third,float
3,third,flock
3,third,fold
3,third,folk
3,third,follower
3,third,forehead
3,third,fortune
3,third,fountain
3,third,freeze
3,third,friendship
3,third,fry
3,third,fund
3,third,fur
3,third,furniture
3,third,gallon
3,third,gamble
3,third,gang
3,third,gap
3,third,garlic
3,third,gas
3,third,gasoline
3,third,gesture
3,third,glance
3,third,glory
3,third,glow
3,third,gossip
3,third,governor
3,third,gown
3,third,grab
3,third,graduate
3,third,grain
3,third,gram
3,third,grasp
3,third,grasshopper
3,third,greenhouse
3,third,grin
3,third,grocery
3,third,guardian
3,third,guidance
3,third,gum
3,third,gym
3,third,gymnasium
3,third,hairdresser
3,third,hallway
3,third,handful
3,third,harbor
3,third,harm
3,third,harvest
3,third,hatch
3,third,hawk
3,third,hay
3,third,headline
3,third,headquarters
3,third,heap
3,third,heaven
3,third,heel
3,third,hell
3,third,helmet
3,third,hike
3,third,hint
3,third,historian
3,third,hive
3,third,hollow
3,third,hometown
3,third,honesty
3,third,honor
3,third,horn
3,third,horror
3,third,housekeeper
3,third,hug
3,third,humankind
3,third,hush
3,third,hut
3,third,ideal
3,third,identity
3,third,ignorance
3,third,image
3,third,imagination
3,third,import
3,third,individual
3,third,inferior
3,third,injury
3,third,inn
3,third,inspector
3,third,instruction
3,third,introduction
3,third,inventor
3,third,ivory
3,third,jail
3,third,jar
3,third,jaw
3,third,jelly
3,third,jet
3,third,jewel
3,third,jewelry
3,third,journal
3,third,journey
3,third,jungle
3,third,junk
3,third,justice
3,third,kangaroo
3,third,kettle
3,third,keyboard
3,third,kidney
3,third,kilogram
3,third,kilometer
3,third,kit
3,third,km
3,third,knight
3,third,knit
3,third,knob
3,third,knot
3,third,label
3,third,lace
3,third,ladder
3,third,laughter
3,third,laundry
3,third,lawn
3,third,leak
3,third,leap
3,third,leather
3,third,leisure
3,third,lens
3,third,liar
3,third,liberty
3,third,librarian
3,third,lifeboat
3,third,lifeguard
3,third,lifetime
3,third,lighthouse
3,third,limb
3,third,linen
3,third,lipstick
3,third,litter
3,third,liver
3,third,load
3,third,lobby
3,third,lobster
3,third,lollipop
3,third,lord
3,third,loudspeaker
3,third,luggage
3,third,lullaby
3,third,lung
3,third,magnet
3,third,maid
3,third,major
3,third,majority
3,third,mall
3,third,management
3,third,manager
3,third,mankind
3,third,manners
3,third,marble
3,third,March
3,third,math
3,third,mathematics
3,third,mayor
3,third,meadow
3,third,meanwhile
3,third,medal
3,third,media
3,third,medium
3,third,membership
3,third,mention
3,third,merchant
3,third,mess
3,third,microphone
3,third,microwave
3,third,might
3,third,mike
3,third,mill
3,third,millionaire
3,third,miner
3,third,minor
3,third,minority
3,third,miracle
3,third,misery
3,third,missile
3,third,mission
3,third,mist
3,third,mixture
3,third,mob
3,third,moisture
3,third,monk
3,third,mood
3,third,mop
3,third,moral
3,third,motel
3,third,motor
3,third,murder
3,third,muscle
3,third,mushroom
3,third,musical
3,third,mystery
3,third,nanny
3,third,nap
3,third,native
3,third,navy
3,third,necessity
3,third,necktie
3,third,neighborhood
3,third,nerve
3,third,network
3,third,nickname
3,third,noble
3,third,novelist
3,third,nun
3,third,oak
3,third,occasion
3,third,operator
3,third,opportunity
3,third,opposite
3,third,origin
3,third,original
3,third,orphan
3,third,outline
3,third,overcoat
3,third,ownership
3,third,pad
3,third,pail
3,third,pal
3,third,palace
3,third,pancake
3,third,panic
3,third,parade
3,third,paradise
3,third,parcel
3,third,passage
3,third,passion
3,third,passport
3,third,password
3,third,patience
3,third,pause
3,third,pavement
3,third,paw
3,third,pay
3,third,pea
3,third,peak
3,third,pearl
3,third,peel
3,third,peep
3,third,penny
3,third,performance
3,third,permission
3,third,permit
3,third,personality
3,third,pest
3,third,pickle
3,third,pill
3,third,pilot
3,third,pine
3,third,pint
3,third,pit
3,third,pity
3,third,plastic
3,third,plenty
3,third,plug
3,third,plum
3,third,plumber
3,third,pole
3,third,politician
3,third,politics
3,third,poll
3,third,pony
3,third,porcelain
3,third,portion
3,third,portrait
3,third,postage
3,third,poster
3,third,postponement
3,third,pottery
3,third,poverty
3,third,powder
3,third,prayer
3,third,preparation
3,third,pressure
3,third,priest
3,third,process
3,third,product
3,third,profit
3,third,program
3,third,proof
3,third,property
3,third,proposal
3,third,protection
3,third,pub
3,third,punch
3,third,quarrel
3,third,quote
3,third,radar
3,third,rag
3,third,raisin
3,third,rank
3,third,rate
3,third,ray
3,third,razor
3,third,reaction
3,third,receipt
3,third,receiver
3,third,recorder
3,third,regret
3,third,release
3,third,relief
3,third,religion
3,third,rent
3,third,repair
3,third,replacement
3,third,representative
3,third,republic
3,third,request
3,third,reserve
3,third,resource
3,third,response
3,third,responsibility
3,third,ribbon
3,third,riddle
3,third,risk
3,third,roar
3,third,roast
3,third,robber
3,third,robbery
3,third,robe
3,third,rocket
3,third,romantic
3,third,rot
3,third,rough
3,third,routine
3,third,rug
3,third,rumor
3,third,rust
3,third,sack
3,third,sake
3,third,saucer
3,third,sausage
3,third,saving
3,third,scale
3,third,scarecrow
3,third,scarf
3,third,scatter
3,third,schedule
3,third,scholar
3,third,scholarship
3,third,scoop
3,third,scout
3,third,scream
3,third,screw
3,third,scrub
3,third,seal
3,third,security
3,third,separation
3,third,sex
3,third,shade
3,third,shadow
3,third,shame
3,third,shampoo
3,third,shave
3,third,shepherd
3,third,shovel
3,third,sigh
3,third,signal
3,third,similarity
3,third,sin
3,third,sip
3,third,situation
3,third,skate
3,third,ski
3,third,skip
3,third,skyscraper
3,third,slave
3,third,sleeve
3,third,slice
3,third,slope
3,third,snap
3,third,sore
3,third,sorrow
3,third,spade
3,third,spaghetti
3,third,spice
3,third,spill
3,third,spin
3,third,spit
3,third,spite
3,third,splash
3,third,sprain
3,third,spray
3,third,sprinkle
3,third,spy
3,third,squeeze
3,third,stab
3,third,stadium
3,third,staff
3,third,stare
3,third,statue
3,third,steady
3,third,stepchild
3,third,stepfather
3,third,stepmother
3,third,stereo
3,third,sting
3,third,stir
3,third,stitch
3,third,stocking
3,third,stomach
3,third,stool
3,third,strategy
3,third,strength
3,third,strip
3,third,structure
3,third,studio
3,third,stuff
3,third,style
3,third,substance
3,third,suburb
3,third,suck
3,third,suicide
3,third,sum
3,third,summary
3,third,summit
3,third,superior
3,third,survey
3,third,survival
3,third,survivor
3,third,suspect
3,third,suspicion
3,third,sweat
3,third,swell
3,third,switch
3,third,sword
3,third,system
3,third,tablet
3,third,tack
3,third,tag
3,third,tailor
3,third,tap
3,third,tax
3,third,tease
3,third,technique
3,third,technology
3,third,temper
3,third,temperature
3,third,territory
3,third,text
3,third,theory
3,third,thirst
3,third,thread
3,third,threat
3,third,tickle
3,third,tide
3,third,timber
3,third,tissue
3,third,tobacco
3,third,ton
3,third,tortoise
3,third,toss
3,third,tourism
3,third,tourist
3,third,tow
3,third,trace
3,third,trader
3,third,trail
3,third,transport
3,third,trash
3,third,traveler
3,third,tray
3,third,tremble
3,third,trend
3,third,tribe
3,third,troop
3,third,trunk
3,third,tub
3,third,tug
3,third,tulip
3,third,tumble
3,third,tummy
3,third,tune
3,third,tutor
3,third,twig
3,third,twin
3,third,twist
3,third,typewriter
3,third,union
3,third,unity
3,third,universe
3,third,upset
3,third,van
3,third,variety
3,third,vase
3,third,vehicle
3,third,verse
3,third,vest
3,third,vice-president
3,third,victim
3,third,violence
3,third,violet
3,third,vision
3,third,vitamin
3,third,volume
3,third,wag
3,third,wage
3,third,wages
3,third,wagon
3,third,wander
3,third,warmth
3,third,wax
3,third,wealth
3,third,weave
3,third,web
3,third,weed
3,third,weep
3,third,wheat
3,third,whip
3,third,whistle
3,third,willow
3,third,wink
3,third,wipe
3,third,wisdom
3,third,wrap
3,third,wrist
3,third,X-ray
3,third,yawn
3,third,yell
3,third,yolk
3,third,youngster
3,third,zipper
3,third,zone
4,first,absolute
4,first,abstract
4,first,academic
4,first,accidental
4,first,acid
4,first,adequate
4,first,admirable
4,first,aggressive
4,first,agreeable
4,first,alert
4,first,amateur
4,first,ambitious
4,first,annual
4,first,anxious
4,first,appropriate
4,first,artificial
4,first,artistic
4,first,ashamed
4,first,associate
4,first,athletic
4,first,atomic
4,first,audio
4,first,awkward
4,first,bald
4,first,bankrupt
4,first,broke
4,first,brutal
4,first,characteristic
4,first,circular
4,first,civilian
4,first,clumsy
4,first,coarse
4,first,comic
4,first,competitive
4,first,concrete
4,first,consequent
4,first,conservative
4,first,consistent
4,first,constructive
4,first,content
4,first,continual
4,first,continuous
4,first,contrary
4,first,conventional
4,first,cooperative
4,first,copper
4,first,counter
4,first,courageous
4,first,courteous
4,first,critical
4,first,cunning
4,first,damp
4,first,defensible
4,first,defensive
4,first,definite
4,first,delicate
4,first,delightful
4,first,dense
4,first,dependable
4,first,dependent
4,first,desperate
4,first,detective
4,first,digital
4,first,distinct
4,first,distinguished
4,first,divine
4,first,dominant
4,first,durable
4,first,dusty
4,first,dynamic
4,first,earnest
4,first,economic
4,first,economical
4,first,elastic
4,first,elegant
4,first,elementary
4,first,emotional
4,first,enormous
4,first,envious
4,first,essential
4,first,eventual
4,first,evident
4,first,experimental
4,first,explosive
4,first,facial
4,first,faithful
4,first,fantastic
4,first,fatal
4,first,favorable
4,first,fertile
4,first,fierce
4,first,financial
4,first,flexible
4,first,fluent
4,first,fortunate
4,first,fossil
4,first,fragrant
4,first,functional
4,first,fundamental
4,first,furious
4,first,genuine
4,first,gifted
4,first,gigantic
4,first,glorious
4,first,graceful
4,first,gracious
4,first,grammatical
4,first,grateful
4,first,grave
4,first,greasy
4,first,guilty
4,first,habitual
4,first,harsh
4,first,healthful
4,first,honorable
4,first,hopeful
4,first,identical
4,first,idle
4,first,ignorant
4,first,imaginable
4,first,imaginary
4,first,imaginative
4,first,influential
4,first,informative
4,first,initial
4,first,intellectual
4,first,intelligent
4,first,intense
4,first,intensive
4,first,intermediate
4,first,intimate
4,first,junior
4,first,keen
4,first,lawful
4,first,lean
4,first,learned
4,first,leisurely
4,first,literary
4,first,logical
4,first,lousy
4,first,loyal
4,first,lunar
4,first,luxurious
4,first,magnetic
4,first,magnificent
4,first,manual
4,first,maximum
4,first,mechanical
4,first,memorable
4,first,memorial
4,first,mere
4,first,messy
4,first,mild
4,first,minimum
4,first,miserable
4,first,moderate
4,first,modest
4,first,monthly
4,first,mountainous
4,first,muddy
4,first,multiple
4,first,mutual
4,first,mysterious
4,first,nearsighted
4,first,needy
4,first,nuclear
4,first,numerous
4,first,obedient
4,first,objective
4,first,occasional
4,first,offensive
4,first,oral
4,first,organic
4,first,outstanding
4,first,oval
4,first,overnight
4,first,partial
4,first,passive
4,first,peculiar
4,first,permanent
4,first,persuasive
4,first,pessimistic
4,first,philosophical
4,first,physical
4,first,plentiful
4,first,plural
4,first,poisonous
4,first,portable
4,first,precise
4,first,preferable
4,first,pregnant
4,first,prime
4,first,primitive
4,first,productive
4,first,professional
4,first,profitable
4,first,prominent
4,first,promising
4,first,prompt
4,first,prosperous
4,first,psychological
4,first,realistic
4,first,relative
4,first,reluctant
4,first,remarkable
4,first,respectable
4,first,respectful
4,first,revolutionary
4,first,rural
4,first,senior
4,first,severe
4,first,shameful
4,first,shortsighted
4,first,singular
4,first,slight
4,first,solar
4,first,sorrowful
4,first,spare
4,first,spicy
4,first,spiritual
4,first,splendid
4,first,stingy
4,first,submarine
4,first,suspicious
4,first,sympathetic
4,first,systematic
4,first,technological
4,first,tense
4,first,thorough
4,first,thoughtful
4,first,timid
4,first,tiresome
4,first,tolerable
4,first,tolerant
4,first,tough
4,first,tragic
4,first,tremendous
4,first,tribal
4,first,troublesome
4,first,unique
4,first,universal
4,first,urban
4,first,urgent
4,first,vain
4,first,vast
4,first,very
4,first,virgin
4,first,visual
4,first,vital
4,first,voluntary
4,first,weekly
4,first,yearly
4,first,youthful
4,first,abandon
4,first,absorb
4,first,access
4,first,accompany
4,first,accomplish
4,first,accuse
4,first,acquaint
4,first,acquire
4,first,adapt
4,first,adjust
4,first,alert
4,first,amuse
4,first,analyze
4,first,annoy
4,first,apologize
4,first,appoint
4,first,arch
4,first,arise
4,first,arouse
4,first,assemble
4,first,assign
4,first,associate
4,first,assume
4,first,assure
4,first,attach
4,first,await
4,first,backpack
4,first,bankrupt
4,first,bargain
4,first,blend
4,first,blink
4,first,bloom
4,first,blossom
4,first,blush
4,first,boast
4,first,bond
4,first,bounce
4,first,breed
4,first,broil
4,first,calculate
4,first,campaign
4,first,carve
4,first,catalog
4,first,catalogue
4,first,cease
4,first,cement
4,first,cherish
4,first,chirp
4,first,circulate
4,first,clarify
4,first,clash
4,first,classify
4,first,climax
4,first,code
4,first,collapse
4,first,comment
4,first,commit
4,first,complicate
4,first,compose
4,first,concentrate
4,first,concrete
4,first,confess
4,first,confine
4,first,congratulate
4,first,conquer
4,first,consist
4,first,constitute
4,first,construct
4,first,consult
4,first,consume
4,first,content
4,first,contest
4,first,contrast
4,first,contribute
4,first,converse
4,first,convey
4,first,convince
4,first,cooperate
4,first,cope
4,first,cork
4,first,correspond
4,first,counter
4,first,crack
4,first,cram
4,first,cripple
4,first,criticize
4,first,crush
4,first,cube
4,first,cue
4,first,curl
4,first,curse
4,first,curve
4,first,cushion
4,first,damn
4,first,damp
4,first,declare
4,first,decrease
4,first,defeat
4,first,defend
4,first,delight
4,first,demand
4,first,demonstrate
4,first,depart
4,first,depress
4,first,deserve
4,first,devise
4,first,devote
4,first,differ
4,first,digest
4,first,disadvantage
4,first,discipline
4,first,disconnect
4,first,discourage
4,first,disguise
4,first,disgust
4,first,dismiss
4,first,disorder
4,first,dispute
4,first,distinguish
4,first,distribute
4,first,disturb
4,first,divorce
4,first,dominate
4,first,download
4,first,doze
4,first,draft
4,first,dread
4,first,drift
4,first,drill
4,first,dye
4,first,eliminate
4,first,email
4,first,e-mail
4,first,embarrass
4,first,emerge
4,first,enclose
4,first,encounter
4,first,endanger
4,first,endure
4,first,enforce
4,first,enlarge
4,first,entertain
4,first,equip
4,first,establish
4,first,estimate
4,first,evaluate
4,first,evidence
4,first,exaggerate
4,first,exhaust
4,first,exhibit
4,second,expand
4,second,explore
4,second,expose
4,second,extend
4,second,feast
4,second,ferry
4,second,fetch
4,second,finance
4,second,flatter
4,second,flee
4,second,flunk
4,second,flush
4,second,foam
4,second,forbid
4,second,forecast
4,second,frame
4,second,frost
4,second,frown
4,second,fuel
4,second,fulfill
4,second,furnish
4,second,gaze
4,second,gear
4,second,giggle
4,second,glide
4,second,glimpse
4,second,grace
4,second,grieve
4,second,grind
4,second,guarantee
4,second,halt
4,second,harden
4,second,hasten
4,second,herd
4,second,honeymoon
4,second,hook
4,second,horrify
4,second,hose
4,second,host
4,second,identify
4,second,idle
4,second,illustrate
4,second,imitate
4,second,immigrate
4,second,impact
4,second,imply
4,second,industrialize
4,second,infect
4,second,initial
4,second,input
4,second,insert
4,second,inspire
4,second,install
4,second,instruct
4,second,insult
4,second,intend
4,second,intensify
4,second,interact
4,second,interfere
4,second,intermediate
4,second,interpret
4,second,invade
4,second,invest
4,second,involve
4,second,isolate
4,second,itch
4,second,knuckle
4,second,labor
4,second,lag
4,second,landscape
4,second,launch
4,second,lean
4,second,lecture
4,second,license
4,second,lighten
4,second,loan
4,second,manufacture
4,second,mislead
4,second,misunderstand
4,second,monitor
4,second,motivate
4,second,mow
4,second,murmur
4,second,neglect
4,second,negotiate
4,second,nevertheless
4,second,obtain
4,second,occupy
4,second,offend
4,second,oppose
4,second,orbit
4,second,overcome
4,second,overlook
4,second,overtake
4,second,overthrow
4,second,pace
4,second,parachute
4,second,pedal
4,second,peer
4,second,perfume
4,second,pioneer
4,second,pirate
4,second,plot
4,second,polish
4,second,portray
4,second,possess
4,second,predict
4,second,preserve
4,second,privilege
4,second,proceed
4,second,prompt
4,second,prosper
4,second,protest
4,second,publish
4,second,quake
4,second,quilt
4,second,rage
4,second,rebel
4,second,recall
4,second,recite
4,second,recycle
4,second,refer
4,second,reflect
4,second,reform
4,second,refresh
4,second,register
4,second,regulate
4,second,relieve
4,second,remark
4,second,remedy
4,second,rescue
4,second,research
4,second,resemble
4,second,resign
4,second,resolve
4,second,restore
4,second,retain
4,second,retire
4,second,retreat
4,second,revenge
4,second,revise
4,second,reward
4,second,rhyme
4,second,route
4,second,ruin
4,second,sacrifice
4,second,salary
4,second,scold
4,second,scratch
4,second,sculpture
4,second,shelter
4,second,shift
4,second,shrug
4,second,shuttle
4,second,site
4,second,sketch
4,second,sled
4,second,sledge
4,second,sleigh
4,second,slight
4,second,sneeze
4,second,sob
4,second,spare
4,second,spark
4,second,sparkle
4,second,spear
4,second,split
4,second,stem
4,second,strengthen
4,second,strive
4,second,stroke
4,second,summarize
4,second,surf
4,second,surrender
4,second,sway
4,second,tap
4,second,telegraph
4,second,tense
4,second,terrify
4,second,tolerate
4,second,transfer
4,second,transform
4,second,translate
4,second,triumph
4,second,twinkle
4,second,upload
4,second,urge
4,second,violate
4,second,volunteer
4,second,voyage
4,second,withdraw
4,second,witness
4,second,wreck
4,second,wrinkle
4,second,counter
4,second,elsewhere
4,second,furthermore
4,second,highly
4,second,largely
4,second,lately
4,second,leisurely
4,second,monthly
4,second,moreover
4,second,mostly
4,second,namely
4,second,nowadays
4,second,otherwise
4,second,overnight
4,second,roughly
4,second,scarcely
4,second,weekly
4,second,yearly
4,second,amid
4,second,amidst
4,second,concerning
4,second,despite
4,second,including
4,second,regarding
4,second,abdomen
4,second,accent
4,second,acceptance
4,second,access
4,second,accomplishment
4,second,accountant
4,second,accuracy
4,second,acid
4,second,acquaintance
4,second,acre
4,second,adjective
4,second,adjustment
4,second,admiration
4,second,admission
4,second,adverb
4,second,agency
4,second,agent
4,second,alcohol
4,second,alert
4,second,allowance
4,second,aluminum
4,second,amateur
4,second,amusement
4,second,analysis
4,second,ancestor
4,second,anniversary
4,second,anxiety
4,second,apology
4,second,appliance
4,second,applicant
4,second,application
4,second,appointment
4,second,appreciation
4,second,approval
4,second,arch
4,second,arms
4,second,article
4,second,aspect
4,second,aspirin
4,second,assembly
4,second,assignment
4,second,assistance
4,second,associate
4,second,association
4,second,assurance
4,second,atmosphere
4,second,atom
4,second,attachment
4,second,attraction
4,second,authority
4,second,autobiography
4,second,backpack
4,second,ballet
4,second,bankrupt
4,second,bargain
4,second,barrier
4,second,basin
4,second,battery
4,second,beak
4,second,beam
4,second,behavior
4,second,biography
4,second,biology
4,second,blade
4,second,blend
4,second,blessing
4,second,blink
4,second,bloom
4,second,blossom
4,second,blush
4,second,boast
4,second,bond
4,second,bounce
4,second,bra
4,second,bracelet
4,second,brassiere
4,second,breed
4,second,bridegroom
4,second,bulletin
4,second,cabinet
4,second,calculation
4,second,calculator
4,second,calorie
4,second,campaign
4,second,candidate
4,second,capacity
4,second,cape
4,second,capitalism
4,second,capitalist
4,second,career
4,second,cargo
4,second,carrier
4,second,catalog
4,second,catalogue
4,second,CD
4,second,cease
4,second,celebration
4,second,cement
4,second,chamber
4,second,championship
4,second,characteristic
4,second,charity
4,second,chemistry
4,second,chirp
4,second,chore
4,second,chorus
4,second,cigar
4,second,cinema
4,second,circulation
4,second,circumstance
4,second,civilian
4,second,civilization
4,second,clash
4,second,classification
4,second,cliff
4,second,climax
4,second,code
4,second,collapse
4,second,combination
4,second,comedy
4,second,comic
4,second,commander
4,second,comment
4,second,commerce
4,second,communication
4,second,community
4,second,compact disk
4,second,companion
4,second,competition
4,second,competitor
4,second,composer
4,second,composition
4,second,concentration
4,second,concept
4,second,concrete
4,second,conductor
4,second,conference
4,second,confidence
4,second,confusion
4,second,congress
4,second,conjunction
4,second,conscience
4,second,consequence
4,second,conservative
4,second,consonant
4,second,constitution
4,second,construction
4,second,consultant
4,second,consumer
4,second,container
4,second,content
4,second,contentment
4,second,contest
4,second,context
4,second,contrary
4,second,contrast
4,second,contribution
4,second,convenience
4,second,convention
4,second,cooperation
4,second,cooperative
4,second,copper
4,second,cord
4,second,cork
4,second,costume
4,second,cottage
4,second,council
4,second,counter
4,second,courtesy
4,second,crack
4,second,craft
4,second,creation
4,second,creativity
4,second,cripple
4,second,critic
4,second,criticism
4,second,cruelty
4,second,crush
4,second,cube
4,second,cucumber
4,second,cue
4,second,cunning
4,second,curiosity
4,second,curl
4,second,curse
4,second,curve
4,second,cushion
4,second,damn
4,second,damp
4,second,deadline
4,second,decoration
4,second,decrease
4,second,defeat
4,second,defense
4,second,delight
4,second,demand
4,second,demonstration
4,second,departure
4,second,dependent
4,second,depression
4,second,destruction
4,second,detective
4,second,determination
4,second,device
4,second,diaper
4,second,digest
4,second,digestion
4,second,dignity
4,second,diligence
4,second,diploma
4,second,diplomat
4,second,disadvantage
4,second,disaster
4,second,discipline
4,second,discouragement
4,second,disguise
4,second,disgust
4,second,disorder
4,second,dispute
4,second,distribution
4,second,district
4,second,divorce
4,second,doctor
4,second,dorm
4,second,doze
4,second,draft
4,second,dread
4,second,drift
4,second,drill
4,second,dye
4,second,dynasty
4,second,earnest
4,second,earphone
4,second,economics
4,second,economist
4,second,economy
4,second,efficiency
4,second,elastic
4,second,electrician
4,second,electronics
4,second,email
4,second,e-mail
4,second,embarrassment
4,second,embassy
4,second,emphasis
4,second,empire
4,second,encounter
4,second,enforcement
4,second,engineering
4,second,enlargement
4,second,entertainment
4,second,enthusiasm
4,second,equality
4,second,equipment
4,second,era
4,second,errand
4,second,escalator
4,second,essay
4,second,essential
4,second,establishment
4,second,estimate
4,second,evaluation
4,second,eve
4,second,evidence
4,second,examinee
4,second,examiner
4,second,exception
4,second,exhaust
4,second,exhibit
4,second,expansion
4,second,explanation
4,second,explosion
4,second,explosive
4,second,exposure
4,second,extent
4,second,facility
4,second,fame
4,second,fantasy
4,second,farewell
4,second,feast
4,second,ferry
4,third,fetch
4,third,fiction
4,third,finance
4,third,firecracker
4,third,fireplace
4,third,flunk
4,third,flush
4,third,foam
4,third,forecast
4,third,formation
4,third,formula
4,third,fort
4,third,fossil
4,third,foundation
4,third,founder
4,third,fragrance
4,third,frame
4,third,freeway
4,third,frequency
4,third,freshman
4,third,frost
4,third,frown
4,third,frustration
4,third,fuel
4,third,fulfillment
4,third,fundamental
4,third,funeral
4,third,gallery
4,third,gangster
4,third,gaze
4,third,gear
4,third,gene
4,third,generation
4,third,generosity
4,third,genius
4,third,germ
4,third,giggle
4,third,ginger
4,third,glide
4,third,glimpse
4,third,globe
4,third,goods
4,third,grace
4,third,graduation
4,third,grammar
4,third,grapefruit
4,third,gratitude
4,third,grave
4,third,greeting
4,third,grief
4,third,grind
4,third,groom
4,third,guarantee
4,third,guilt
4,third,gulf
4,third,gull
4,third,halt
4,third,handwriting
4,third,hardship
4,third,hardware
4,third,harmonica
4,third,harmony
4,third,haste
4,third,hatred
4,third,headphone
4,third,helicopter
4,third,herd
4,third,hesitation
4,third,homeland
4,third,honeymoon
4,third,hook
4,third,horizon
4,third,hose
4,third,hostel
4,third,household
4,third,housewife
4,third,housework
4,third,humanity
4,third,humidity
4,third,hurricane
4,third,hydrogen
4,third,iceberg
4,third,identification
4,third,idiom
4,third,idol
4,third,illustration
4,third,imitation
4,third,immigrant
4,third,immigration
4,third,impact
4,third,impression
4,third,incident
4,third,indication
4,third,infant
4,third,infection
4,third,inflation
4,third,information
4,third,ingredient
4,third,initial
4,third,innocence
4,third,input
4,third,insert
4,third,inspection
4,third,inspiration
4,third,instinct
4,third,instructor
4,third,insult
4,third,insurance
4,third,intellectual
4,third,intelligence
4,third,intensity
4,third,intention
4,third,interaction
4,third,intermediate
4,third,Internet
4,third,interruption
4,third,intimate
4,third,intonation
4,third,invasion
4,third,invention
4,third,investigation
4,third,investment
4,third,involvement
4,third,isolation
4,third,itch
4,third,jealousy
4,third,junior
4,third,knuckle
4,third,lab
4,third,labor
4,third,laboratory
4,third,lag
4,third,landmark
4,third,landscape
4,third,landslide
4,third,launch
4,third,lead
4,third,learning
4,third,lecture
4,third,lecturer
4,third,legend
4,third,license
4,third,limitation
4,third,liquor
4,third,literature
4,third,loan
4,third,location
4,third,locker
4,third,logic
4,third,lotion
4,third,loyalty
4,third,luxury
4,third,ma'am
4,third,machinery
4,third,madam
4,third,makeup
4,third,manual
4,third,manufacture
4,third,manufacturer
4,third,marathon
4,third,margin
4,third,maturity
4,third,maximum
4,third,measure
4,third,mechanic
4,third,memorial
4,third,mercy
4,third,merit
4,third,messenger
4,third,microscope
4,third,mineral
4,third,minimum
4,third,minister
4,third,ministry
4,third,mischief
4,third,misfortune
4,third,modesty
4,third,monitor
4,third,monthly
4,third,monument
4,third,motivation
4,third,mudslide
4,third,murderer
4,third,murmur
4,third,mustache
4,third,nationality
4,third,neglect
4,third,nightmare
4,third,nonsense
4,third,noun
4,third,nursery
4,third,nylon
4,third,obedience
4,third,objection
4,third,objective
4,third,observation
4,third,obstacle
4,third,occupation
4,third,offense
4,third,opera
4,third,operation
4,third,oral
4,third,orbit
4,third,orchestra
4,third,outcome
4,third,oval
4,third,oxygen
4,third,pace
4,third,panel
4,third,parachute
4,third,paragraph
4,third,participation
4,third,participle
4,third,partnership
4,third,pasta
4,third,pebble
4,third,pedal
4,third,peer
4,third,penalty
4,third,percent
4,third,percentage
4,third,perfection
4,third,perfume
4,third,persuasion
4,third,petal
4,third,phenomenon
4,third,philosopher
4,third,philosophy
4,third,photography
4,third,physician
4,third,physicist
4,third,physics
4,third,pianist
4,third,pickpocket
4,third,pioneer
4,third,pirate
4,third,plot
4,third,plural
4,third,polish
4,third,pollution
4,third,popularity
4,third,porter
4,third,possession
4,third,pregnancy
4,third,preposition
4,third,presentation
4,third,preservation
4,third,prevention
4,third,prime
4,third,privacy
4,third,privilege
4,third,procedure
4,third,production
4,third,profession
4,third,professional
4,third,professor
4,third,promotion
4,third,prompt
4,third,pronoun
4,third,pronunciation
4,third,prosperity
4,third,protein
4,third,protest
4,third,proverb
4,third,psychologist
4,third,psychology
4,third,publication
4,third,publicity
4,third,publisher
4,third,pursuit
4,third,quake
4,third,quilt
4,third,quotation
4,third,rage
4,third,rainfall
4,third,rebel
4,third,recall
4,third,reception
4,third,recipe
4,third,recognition
4,third,recovery
4,third,recreation
4,third,reduction
4,third,reference
4,third,reflection
4,third,reform
4,third,refugee
4,third,refusal
4,third,register
4,third,registration
4,third,regulation
4,third,rejection
4,third,relative
4,third,relaxation
4,third,remark
4,third,remedy
4,third,repetition
4,third,representation
4,third,reputation
4,third,rescue
4,third,research
4,third,researcher
4,third,reservation
4,third,resignation
4,third,resistance
4,third,resolution
4,third,resolve
4,third,restriction
4,third,retirement
4,third,retreat
4,third,reunion
4,third,revenge
4,third,revision
4,third,revolution
4,third,revolutionary
4,third,reward
4,third,rhyme
4,third,rhythm
4,third,romance
4,third,route
4,third,ruin
4,third,sacrifice
4,third,salary
4,third,salesman
4,third,salesperson
4,third,saleswoman
4,third,satellite
4,third,satisfaction
4,third,scenery
4,third,scold
4,third,scratch
4,third,screwdriver
4,third,sculpture
4,third,seagull
4,third,senior
4,third,settler
4,third,shaver
4,third,shelter
4,third,shift
4,third,shrug
4,third,shuttle
4,third,sightseeing
4,third,significance
4,third,sincerity
4,third,singular
4,third,site
4,third,sketch
4,third,sled
4,third,sledge
4,third,sleigh
4,third,slight
4,third,slogan
4,third,smog
4,third,sneeze
4,third,sob
4,third,socket
4,third,software
4,third,sophomore
4,third,souvenir
4,third,spare
4,third,spark
4,third,sparkle
4,third,sparrow
4,third,spear
4,third,species
4,third,split
4,third,sportsman
4,third,sportsmanship
4,third,sportswoman
4,third,status
4,third,stem
4,third,stroke
4,third,submarine
4,third,suggestion
4,third,surf
4,third,surgeon
4,third,surgery
4,third,surrender
4,third,surroundings
4,third,sway
4,third,syllable
4,third,sympathy
4,third,symphony
4,third,syrup
4,third,technician
4,third,telegram
4,third,telegraph
4,third,telescope
4,third,tendency
4,third,tension
4,third,terror
4,third,theme
4,third,tolerance
4,third,tomb
4,third,tragedy
4,third,transfer
4,third,translation
4,third,translator
4,third,transportation
4,third,triumph
4,third,tug-of-war
4,third,twinkle
4,third,typist
4,third,underpass
4,third,unique
4,third,universal
4,third,university
4,third,urge
4,third,usage
4,third,vegetarian
4,third,verb
4,third,vessel
4,third,vinegar
4,third,violation
4,third,virgin
4,third,virtue
4,third,virus
4,third,volcano
4,third,volunteer
4,third,vowel
4,third,voyage
4,third,walnut
4,third,website
4,third,weekly
4,third,welfare
4,third,wit
4,third,witch
4,third,witness
4,third,wizard
4,third,wreck
4,third,wrinkle
4,third,yogurt
5,first,abrupt
5,first,absurd
5,first,abundant
5,first,ace
5,first,adolescent
5,first,agricultural
5,first,airtight
5,first,alien
5,first,allergic
5,first,alternate
5,first,ample
5,first,antique
5,first,apt
5,first,astray
5,first,barbarian
5,first,barefoot
5,first,barren
5,first,bass
5,first,beloved
5,first,beneficial
5,first,blond
5,first,blonde
5,first,bodily
5,first,bronze
5,first,carefree
5,first,cautious
5,first,centigrade
5,first,chestnut
5,first,chubby
5,first,civic
5,first,clockwise
5,first,colonial
5,first,commonplace
5,first,communist
5,first,compact
5,first,compassionate
5,first,compound
5,first,considerate
5,first,constitutional
5,first,contagious
5,first,contemporary
5,first,continental
5,first,coral
5,first,corrupt
5,first,counterclockwise
5,first,cowardly
5,first,cozy
5,first,crystal
5,first,descriptive
5,first,destructive
5,first,distinctive
5,first,downward
5,first,dreadful
5,first,elaborate
5,first,enthusiastic
5,first,erect
5,first,eternal
5,first,evergreen
5,first,exceptional
5,first,excess
5,first,executive
5,first,extensive
5,first,exterior
5,first,external
5,first,extinct
5,first,extraordinary
5,first,federal
5,first,feeble
5,first,feminine
5,first,forgetful
5,first,foul
5,first,frantic
5,first,gay
5,first,geographical
5,first,gorgeous
5,first,grim
5,first,gross
5,first,hardy
5,first,hearty
5,first,heavenly
5,first,heroic
5,first,heterosexual
5,first,hoarse
5,first,homosexual
5,first,horizontal
5,first,hostile
5,first,immense
5,first,imperial
5,first,indifferent
5,first,indignant
5,first,indispensable
5,first,infinite
5,first,initiate
5,first,inland
5,first,innumerable
5,first,intent
5,first,interior
5,first,inward
5,first,jolly
5,first,juvenile
5,first,kin
5,first,knowledgeable
5,first,lame
5,first,lifelong
5,first,locomotive
5,first,lofty
5,first,lonesome
5,first,maiden
5,first,majestic
5,first,manifest
5,first,marginal
5,first,marine
5,first,martial
5,first,masculine
5,first,massive
5,first,migrant
5,first,minimal
5,first,mock
5,first,monstrous
5,first,mortal
5,first,muscular
5,first,naive
5,first,nasty
5,first,nonviolent
5,first,notable
5,first,noticeable
5,first,nude
5,first,oblong
5,first,obstinate
5,first,olive
5,first,oriental
5,first,outgoing
5,first,outward
5,first,overall
5,first,pacific
5,first,parallel
5,first,passionate
5,first,patent
5,first,permissible
5,first,poetic
5,first,polar
5,first,potential
5,first,prehistoric
5,first,priceless
5,first,prior
5,first,ragged
5,first,rear
5,first,reckless
5,first,reptile
5,first,republican
5,first,resident
5,first,reverse
5,first,ridiculous
5,first,rigid
5,first,robust
5,first,rugged
5,first,sacred
5,first,salmon
5,first,savage
5,first,secure
5,first,shabby
5,first,sloppy
5,first,sly
5,first,sober
5,first,sole
5,first,solemn
5,first,solitary
5,first,sovereign
5,first,squat
5,first,statistical
5,first,stern
5,first,stout
5,first,straightforward
5,first,stray
5,first,structural
5,first,sturdy
5,first,stylish
5,first,substantial
5,first,superficial
5,first,supreme
5,first,tan
5,first,tentative
5,first,terminal
5,first,toxic
5,first,transparent
5,first,trim
5,first,triple
5,first,underneath
5,first,understandable
5,first,upright
5,first,upward
5,first,utter
5,first,vague
5,first,velvet
5,first,verbal
5,first,vertical
5,first,vigorous
5,first,wary
5,first,weary
5,first,weird
5,first,wholesale
5,first,wholesome
5,first,widespread
5,first,worthwhile
5,first,worthy
5,first,abide
5,first,abolish
5,first,accustom
5,first,acknowledge
5,first,adore
5,first,ally
5,first,alter
5,first,alternate
5,first,anchor
5,first,applaud
5,first,armor
5,first,ascend
5,first,assault
5,first,astonish
5,first,awe
5,first,ballot
5,first,ban
5,first,banquet
5,first,batter
5,first,beautify
5,first,beware
5,first,bid
5,first,blast
5,first,blaze
5,first,bleach
5,first,blot
5,first,blur
5,first,bog
5,first,bolt
5,first,boom
5,first,bound
5,first,brace
5,first,braid
5,first,bribe
5,first,broaden
5,first,brood
5,first,browse
5,first,bruise
5,first,bulge
5,first,bully
5,first,butcher
5,first,cannon
5,first,caution
5,first,cellar
5,first,certificate
5,first,chant
5,first,chatter
5,first,cite
5,first,clasp
5,first,cling
5,first,cluster
5,first,clutch
5,first,cocoon
5,first,coil
5,first,combat
5,first,commission
5,first,commute
5,first,compact
5,first,compass
5,first,compel
5,first,compliment
5,first,compound
5,first,comprehend
5,first,compromise
5,first,compute
5,first,computerize
5,first,conceal
5,first,conceive
5,first,condemn
5,first,conduct
5,first,confront
5,first,consent
5,first,conserve
5,first,console
5,first,contaminate
5,first,contemplate
5,first,contend
5,first,convert
5,first,convict
5,first,copyright
5,first,corrupt
5,first,counsel
5,first,crater
5,first,creak
5,first,crib
5,first,crouch
5,first,crunch
5,first,curb
5,first,curry
5,first,dart
5,first,dazzle
5,first,decay
5,first,deceive
5,first,delegate
5,first,despair
5,first,despise
5,first,devour
5,first,discard
5,first,discriminate
5,first,dispense
5,first,dispose
5,first,distress
5,first,document
5,first,drape
5,first,dwarf
5,first,dwell
5,first,eclipse
5,first,elaborate
5,first,elevate
5,first,embrace
5,first,endeavor
5,first,enroll
5,first,ensure
5,first,entitle
5,first,equate
5,first,erect
5,first,erupt
5,first,escort
5,first,esteem
5,first,exceed
5,first,excel
5,first,exclaim
5,first,exclude
5,first,execute
5,first,exile
5,first,falter
5,first,fascinate
5,first,fatigue
5,first,fiddle
5,first,filter
5,first,flake
5,first,flap
5,first,flaw
5,first,flick
5,first,flip
5,first,flourish
5,first,format
5,first,foul
5,first,freight
5,first,fume
5,first,fuse
5,first,fuss
5,first,gallop
5,first,gasp
5,first,glare
5,first,gleam
5,first,glitter
5,first,gloom
5,first,gnaw
5,first,gobble
5,first,gorge
5,first,grant
5,first,graze
5,first,grease
5,first,grip
5,first,groan
5,first,gross
5,first,growl
5,first,grumble
5,first,gulp
5,first,gust
5,first,gut
5,first,handicap
5,first,harness
5,first,haul
5,first,haunt
5,first,hedge
5,first,heed
5,first,heighten
5,first,herald
5,first,hijack
5,first,hiss
5,first,honk
5,first,hood
5,first,hound
5,first,hover
5,first,howl
5,first,hurl
5,first,hymn
5,first,impose
5,first,incense
5,first,index
5,first,induce
5,first,indulge
5,first,inherit
5,first,initiate
5,first,inquire
5,first,institute
5,first,insure
5,first,issue
5,first,jack
5,first,jaywalk
5,first,jeer
5,first,jingle
5,first,jolly
5,first,jug
5,first,justify
5,first,kindle
5,first,lame
5,first,layer
5,first,league
5,first,lessen
5,first,lime
5,first,limp
5,first,linger
5,first,lodge
5,first,lumber
5,first,lump
5,first,magnify
5,first,manifest
5,first,marvel
5,first,mash
5,first,massage
5,first,mediate
5,first,menace
5,first,mingle
5,first,moan
5,first,mock
5,first,modernize
5,first,modify
5,first,moss
5,first,mound
5,first,mount
5,first,mourn
5,first,mumble
5,first,mutter
5,first,nag
5,first,navigate
5,first,nibble
5,first,nickel
5,first,nominate
5,first,notify
5,first,orient
5,first,ornament
5,first,outdo
5,first,output
5,first,overdo
5,first,overeat
5,first,overflow
5,first,overhear
5,first,oversleep
5,first,overwhelm
5,first,overwork
5,first,paddle
5,first,parallel
5,first,patch
5,first,patent
5,first,patrol
5,first,peck
5,first,peek
5,first,peg
5,first,penetrate
5,first,perceive
5,first,perch
5,first,peril
5,first,perish
5,first,persist
5,first,pinch
5,first,piss
5,first,pistol
5,first,plead
5,first,pledge
5,first,plow
5,first,pluck
5,first,plunge
5,first,poke
5,first,preach
5,first,prevail
5,first,preview
5,first,prey
5,first,prick
5,first,profile
5,first,prolong
5,first,prop
5,first,proportion
5,first,prospect
5,first,prune
5,first,publicize
5,first,puff
5,first,pulse
5,first,purchase
5,first,quack
5,first,qualify
5,first,quiver
5,first,rack
5,first,rally
5,first,ranch
5,first,rattle
5,first,reap
5,first,reckon
5,first,recommend
5,first,reel
5,first,referee
5,first,refute
5,first,reign
5,first,rejoice
5,first,repay
5,first,reproduce
5,first,resent
5,first,reside
5,first,resort
5,first,restrain
5,first,resume
5,first,retort
5,first,reverse
5,first,revive
5,first,revolt
5,first,revolve
5,first,rib
5,first,ridge
5,first,rifle
5,first,rim
5,first,rip
5,first,ripple
5,first,rival
5,first,roam
5,first,rumble
5,first,rustle
5,first,saddle
5,first,saint
5,first,salute
5,first,savage
5,first,scan
5,first,scar
5,first,scent
5,first,scheme
5,first,scorn
5,first,scramble
5,first,scrap
5,first,scrape
5,first,scroll
5,first,secure
5,first,segment
5,first,sharpen
5,first,shatter
5,first,shield
5,first,shiver
5,first,shove
5,first,shred
5,first,shriek
5,first,shudder
5,first,shutter
5,first,simmer
5,first,slam
5,first,slap
5,first,slaughter
5,first,slay
5,first,slump
5,first,smash
5,first,snarl
5,first,snatch
5,first,sneak
5,first,sniff
5,first,snore
5,first,snort
5,first,soak
5,first,sober
5,first,soften
5,first,sole
5,first,solo
5,first,sow
5,first,sponge
5,first,spotlight
5,first,sprint
5,second,spur
5,second,squash
5,second,squat
5,second,stack
5,second,stagger
5,second,stain
5,second,stake
5,second,stall
5,second,startle
5,second,steer
5,second,stereotype
5,second,stew
5,second,stink
5,second,stoop
5,second,straighten
5,second,strain
5,second,strand
5,second,strap
5,second,stray
5,second,streak
5,second,stride
5,second,stroll
5,second,stumble
5,second,stump
5,second,stun
5,second,stutter
5,second,submit
5,second,substitute
5,second,summon
5,second,supervise
5,second,suppress
5,second,surge
5,second,suspend
5,second,sustain
5,second,swamp
5,second,swarm
5,second,sympathize
5,second,tackle
5,second,tan
5,second,tangle
5,second,tar
5,second,taunt
5,second,tempt
5,second,tenant
5,second,terrace
5,second,thrill
5,second,throng
5,second,thrust
5,second,tick
5,second,tile
5,second,tilt
5,second,tin
5,second,tiptoe
5,second,toil
5,second,torch
5,second,torment
5,second,torture
5,second,tramp
5,second,trample
5,second,trench
5,second,trifle
5,second,trim
5,second,triple
5,second,trot
5,second,tuck
5,second,umpire
5,second,underline
5,second,update
5,second,utter
5,second,vacuum
5,second,veil
5,second,venture
5,second,veto
5,second,vibrate
5,second,videotape
5,second,vow
5,second,wade
5,second,wail
5,second,ward
5,second,warehouse
5,second,weary
5,second,wharf
5,second,whine
5,second,whirl
5,second,whisk
5,second,wholesale
5,second,widow
5,second,wither
5,second,worship
5,second,wring
5,second,yacht
5,second,yarn
5,second,yield
5,second,zip
5,second,zoom
5,second,astray
5,second,awhile
5,second,barefoot
5,second,beforehand
5,second,bodily
5,second,clockwise
5,second,counterclockwise
5,second,downward
5,second,downwards
5,second,foul
5,second,hence
5,second,inland
5,second,inward
5,second,inwards
5,second,jolly
5,second,meantime
5,second,nonetheless
5,second,nowhere
5,second,outward
5,second,outwards
5,second,overall
5,second,partly
5,second,prior
5,second,slap
5,second,solo
5,second,tiptoe
5,second,underneath
5,second,undoubtedly
5,second,upright
5,second,upward
5,second,upwards
5,second,whereabouts
5,second,wholesale
5,second,midst
5,second,underneath
5,second,versus
5,second,via
5,second,lest
5,second,whereas
5,second,abortion
5,second,academy
5,second,ace
5,second,acknowledgement
5,second,acne
5,second,admiral
5,second,adolescence
5,second,adolescent
5,second,adulthood
5,second,advertiser
5,second,affection
5,second,agenda
5,second,agony
5,second,AI
5,second,airway
5,second,aisle
5,second,algebra
5,second,alien
5,second,allergy
5,second,alligator
5,second,ally
5,second,alternate
5,second,altitude
5,second,anchor
5,second,anthem
5,second,antique
5,second,applause
5,second,architect
5,second,architecture
5,second,arena
5,second,armor
5,second,ass
5,second,assault
5,second,asset
5,second,astonishment
5,second,astronaut
5,second,astronomer
5,second,astronomy
5,second,attendance
5,second,auditorium
5,second,auxiliary
5,second,awe
5,second,bachelor
5,second,backbone
5,second,badge
5,second,ballot
5,second,ban
5,second,bandit
5,second,banner
5,second,banquet
5,second,barbarian
5,second,barbershop
5,second,bass
5,second,batch
5,second,batter
5,second,bazaar
5,second,behalf
5,second,belongings
5,second,beloved
5,second,bid
5,second,blacksmith
5,second,blast
5,second,blaze
5,second,bleach
5,second,blizzard
5,second,blond
5,second,blonde
5,second,blot
5,second,blues
5,second,blur
5,second,bodyguard
5,second,bog
5,second,bolt
5,second,bonus
5,second,boom
5,second,booth
5,second,boredom
5,second,bosom
5,second,botany
5,second,boulevard
5,second,bound
5,second,boundary
5,second,bowel
5,second,boxer
5,second,boxing
5,second,boyhood
5,second,brace
5,second,braid
5,second,breadth
5,second,bribe
5,second,briefcase
5,second,bronze
5,second,brooch
5,second,brood
5,second,broth
5,second,brotherhood
5,second,browse
5,second,bruise
5,second,bulge
5,second,bulk
5,second,bully
5,second,bureau
5,second,butcher
5,second,cactus
5,second,calf
5,second,calligraphy
5,second,canal
5,second,cannon
5,second,carbon
5,second,cardboard
5,second,caretaker
5,second,carnation
5,second,carnival
5,second,carp
5,second,carton
5,second,category
5,second,cathedral
5,second,caution
5,second,celebrity
5,second,celery
5,second,cellar
5,second,cello
5,second,cellphone
5,second,cell-phone
5,second,cellular phone
5,second,Centigrade
5,second,ceremony
5,second,certificate
5,second,chair
5,second,chairman
5,second,chairperson
5,second,chairwoman
5,second,chant
5,second,chatter
5,second,checkbook
5,second,check-in
5,second,check-out
5,second,checkup
5,second,chef
5,second,chemist
5,second,chestnut
5,second,chili
5,second,chimpanzee
5,second,choir
5,second,chord
5,second,circuit
5,second,clam
5,second,clan
5,second,clasp
5,second,clause
5,second,clover
5,second,cluster
5,second,clutch
5,second,coastline
5,second,cocoon
5,second,coil
5,second,colleague
5,second,colonel
5,second,colonial
5,second,combat
5,second,comedian
5,second,comet
5,second,commentator
5,second,commission
5,second,commodity
5,second,commonplace
5,second,communism
5,second,communist
5,second,commuter
5,second,compact
5,second,compass
5,second,compassion
5,second,compliment
5,second,compound
5,second,comprehension
5,second,compromise
5,second,comrade
5,second,conduct
5,second,confession
5,second,consent
5,second,conserve
5,second,console
5,second,constitutional
5,second,contemporary
5,second,contempt
5,second,continuity
5,second,convict
5,second,copyright
5,second,coral
5,second,corporation
5,second,correspondence
5,second,corridor
5,second,counsel
5,second,counselor
5,second,coupon
5,second,courtyard
5,second,cracker
5,second,crater
5,second,creak
5,second,creek
5,second,crib
5,second,crocodile
5,second,crossing
5,second,crouch
5,second,crunch
5,second,crystal
5,second,cuisine
5,second,curb
5,second,currency
5,second,curriculum
5,second,curry
5,second,customs
5,second,dart
5,second,dazzle
5,second,decay
5,second,declaration
5,second,delegate
5,second,delegation
5,second,democrat
5,second,denial
5,second,despair
5,second,destination
5,second,destiny
5,second,detergent
5,second,devotion
5,second,dialect
5,second,disbelief
5,second,discard
5,second,disciple
5,second,distinction
5,second,distress
5,second,document
5,second,doorstep
5,second,doorway
5,second,dormitory
5,second,dough
5,second,drape
5,second,dresser
5,second,dressing
5,second,driveway
5,second,duration
5,second,dusk
5,second,dwarf
5,second,dwelling
5,second,eclipse
5,second,eel
5,second,ego
5,second,embrace
5,second,endeavor
5,second,enrollment
5,second,enterprise
5,second,escort
5,second,estate
5,second,esteem
5,second,ethic
5,second,evergreen
5,second,exaggeration
5,second,excess
5,second,executive
5,second,exile
5,second,extension
5,second,exterior
5,second,external
5,second,eyelash
5,second,eyelid
5,second,fabric
5,second,fad
5,second,Fahrenheit
5,second,fatigue
5,second,feminine
5,second,fertilizer
5,second,fiancé
5,second,fiancée
5,second,fiber
5,second,fiddle
5,second,filter
5,second,fin
5,second,fishery
5,second,flake
5,second,flap
5,second,flaw
5,second,flick
5,second,flip
5,second,flourish
5,second,fluency
5,second,foe
5,second,foil
5,second,folklore
5,second,format
5,second,foul
5,second,fowl
5,second,fraction
5,second,framework
5,second,freight
5,second,frontier
5,second,fume
5,second,fury
5,second,fuse
5,second,fuss
5,second,gallop
5,second,garment
5,second,gasp
5,second,gathering
5,second,gay
5,second,gender
5,second,geometry
5,second,glacier
5,second,glare
5,second,gleam
5,second,glee
5,second,glitter
5,second,gloom
5,second,gorge
5,second,gorilla
5,second,gospel
5,second,grant
5,second,gravity
5,second,grease
5,second,greed
5,second,grip
5,second,groan
5,second,gross
5,second,growl
5,second,grumble
5,second,guideline
5,second,gulp
5,second,gust
5,second,gut
5,second,gypsy
5,second,hairdo
5,second,hairstyle
5,second,handicap
5,second,handicraft
5,second,harness
5,second,haul
5,second,haunt
5,second,hedge
5,second,heed
5,second,heir
5,second,herald
5,second,herb
5,second,hermit
5,second,heroic
5,second,heterosexual
5,second,hi-fi
5,second,hijack
5,second,hiss
5,second,hockey
5,second,homosexual
5,second,honk
5,second,hood
5,second,hoof
5,second,horizontal
5,second,hostage
5,second,hound
5,second,housing
5,second,hover
5,second,howl
5,second,hurl
5,second,hymn
5,second,idiot
5,second,impulse
5,second,incense
5,second,index
5,second,indifference
5,second,initiate
5,third,inland
5,third,institute
5,third,intent
5,third,interference
5,third,interior
5,third,interpretation
5,third,interpreter
5,third,intuition
5,third,isle
5,third,issue
5,third,ivy
5,third,jack
5,third,jade
5,third,janitor
5,third,jasmine
5,third,jeer
5,third,jingle
5,third,jolly
5,third,journalism
5,third,journalist
5,third,jug
5,third,jury
5,third,juvenile
5,third,kin
5,third,lad
5,third,landlady
5,third,landlord
5,third,laser
5,third,lash
5,third,latitude
5,third,lawmaker
5,third,layer
5,third,league
5,third,legislation
5,third,lieutenant
5,third,likelihood
5,third,lime
5,third,limp
5,third,livestock
5,third,lizard
5,third,locomotive
5,third,locust
5,third,lodge
5,third,logo
5,third,longitude
5,third,lottery
5,third,lotus
5,third,lumber
5,third,lump
5,third,maiden
5,third,mainland
5,third,mainstream
5,third,maintenance
5,third,majesty
5,third,mammal
5,third,mansion
5,third,maple
5,third,marine
5,third,marshal
5,third,marvel
5,third,masculine
5,third,mash
5,third,massage
5,third,masterpiece
5,third,mayonnaise
5,third,meantime
5,third,mechanics
5,third,menace
5,third,mermaid
5,third,midst
5,third,migrant
5,third,mileage
5,third,milestone
5,third,mint
5,third,miser
5,third,mistress
5,third,moan
5,third,mock
5,third,mode
5,third,molecule
5,third,monarch
5,third,mortal
5,third,moss
5,third,motherhood
5,third,motive
5,third,mound
5,third,mount
5,third,mower
5,third,mumble
5,third,muse
5,third,mustard
5,third,mutter
5,third,mutton
5,third,myth
5,third,nag
5,third,newscast
5,third,nibble
5,third,nickel
5,third,nightingale
5,third,nostril
5,third,notable
5,third,notion
5,third,novice
5,third,nucleus
5,third,nude
5,third,oar
5,third,oasis
5,third,oath
5,third,oatmeal
5,third,oblong
5,third,observer
5,third,occurrence
5,third,octopus
5,third,odds
5,third,odor
5,third,olive
5,third,opponent
5,third,optimism
5,third,orchard
5,third,organizer
5,third,orient
5,third,oriental
5,third,ornament
5,third,orphanage
5,third,ostrich
5,third,ounce
5,third,output
5,third,outsider
5,third,outskirts
5,third,overall
5,third,overflow
5,third,overwork
5,third,oyster
5,third,ozone
5,third,pacific
5,third,packet
5,third,paddle
5,third,pane
5,third,paradox
5,third,parallel
5,third,parlor
5,third,participant
5,third,particle
5,third,pastime
5,third,pastry
5,third,patch
5,third,patent
5,third,patriot
5,third,patrol
5,third,patron
5,third,peacock
5,third,peasant
5,third,peck
5,third,peddler
5,third,peek
5,third,peg
5,third,perch
5,third,performer
5,third,peril
5,third,personnel
5,third,pessimism
5,third,pier
5,third,pilgrim
5,third,pillar
5,third,pimple
5,third,pinch
5,third,piss
5,third,pistol
5,third,plague
5,third,plantation
5,third,playwright
5,third,plea
5,third,pledge
5,third,plow
5,third,pluck
5,third,plunge
5,third,pocketbook
5,third,poke
5,third,porch
5,third,potential
5,third,poultry
5,third,prairie
5,third,precaution
5,third,preference
5,third,preview
5,third,prey
5,third,prick
5,third,prior
5,third,priority
5,third,procession
5,third,profile
5,third,prop
5,third,prophet
5,third,proportion
5,third,prospect
5,third,province
5,third,prune
5,third,puff
5,third,pulse
5,third,purchase
5,third,pyramid
5,third,quack
5,third,quart
5,third,quest
5,third,quiver
5,third,rack
5,third,radish
5,third,radius
5,third,rail
5,third,rally
5,third,ranch
5,third,rascal
5,third,ratio
5,third,rattle
5,third,realm
5,third,rear
5,third,reef
5,third,reel
5,third,referee
5,third,refuge
5,third,reign
5,third,relic
5,third,reminder
5,third,reptile
5,third,republican
5,third,resentment
5,third,residence
5,third,resident
5,third,resort
5,third,resume
5,third,retort
5,third,reverse
5,third,revolt
5,third,rhino
5,third,rhinoceros
5,third,rib
5,third,ridge
5,third,rifle
5,third,rim
5,third,rip
5,third,ripple
5,third,rival
5,third,roam
5,third,robin
5,third,rod
5,third,rubbish
5,third,rumble
5,third,rustle
5,third,saddle
5,third,saint
5,third,salmon
5,third,salute
5,third,sandal
5,third,savage
5,third,scan
5,third,scandal
5,third,scar
5,third,scent
5,third,scheme
5,third,scorn
5,third,scramble
5,third,scrap
5,third,scrape
5,third,scroll
5,third,sculptor
5,third,segment
5,third,sensation
5,third,sensitivity
5,third,sentiment
5,third,sergeant
5,third,series
5,third,sermon
5,third,server
5,third,setting
5,third,sheriff
5,third,shield
5,third,shiver
5,third,shortage
5,third,shortcoming
5,third,shove
5,third,shred
5,third,shriek
5,third,shrine
5,third,shrub
5,third,shudder
5,third,shutter
5,third,silkworm
5,third,simmer
5,third,skeleton
5,third,skull
5,third,slam
5,third,slap
5,third,slaughter
5,third,slump
5,third,smash
5,third,snarl
5,third,snatch
5,third,sneak
5,third,sneaker
5,third,sniff
5,third,snore
5,third,snort
5,third,soak
5,third,sole
5,third,solitary
5,third,solo
5,third,sovereign
5,third,spacecraft
5,third,spaceship
5,third,specialist
5,third,specimen
5,third,spectacle
5,third,spectator
5,third,spine
5,third,splendor
5,third,sponge
5,third,spotlight
5,third,sprint
5,third,spur
5,third,squat
5,third,stack
5,third,stagger
5,third,stain
5,third,stake
5,third,stall
5,third,stanza
5,third,statesman
5,third,statistic
5,third,steer
5,third,stereotype
5,third,stew
5,third,steward
5,third,stewardess
5,third,stink
5,third,stoop
5,third,storage
5,third,strain
5,third,strait
5,third,strand
5,third,strap
5,third,stray
5,third,streak
5,third,stride
5,third,stripe
5,third,stroll
5,third,stumble
5,third,stump
5,third,stutter
5,third,substitute
5,third,suitcase
5,third,sulfur
5,third,superstition
5,third,supervisor
5,third,surge
5,third,swamp
5,third,swarm
5,third,tan
5,third,tangle
5,third,tar
5,third,tart
5,third,taunt
5,third,tavern
5,third,teller
5,third,tempo
5,third,temptation
5,third,tenant
5,third,terminal
5,third,terrace
5,third,thigh
5,third,thorn
5,third,thrill
5,third,thriller
5,third,throne
5,third,throng
5,third,thrust
5,third,tick
5,third,tile
5,third,tilt
5,third,tin
5,third,tiptoe
5,third,toad
5,third,toil
5,third,token
5,third,torch
5,third,torment
5,third,torrent
5,third,torture
5,third,tournament
5,third,trademark
5,third,traitor
5,third,tramp
5,third,trample
5,third,treasury
5,third,treaty
5,third,trench
5,third,tribute
5,third,trifle
5,third,trim
5,third,triple
5,third,trot
5,third,trout
5,third,tuck
5,third,tuition
5,third,tuna
5,third,tyrant
5,third,umpire
5,third,undergraduate
5,third,underline
5,third,underneath
5,third,update
5,third,upright
5,third,vacancy
5,third,vacuum
5,third,vanity
5,third,vapor
5,third,vegetation
5,third,veil
5,third,vein
5,third,velvet
5,third,venture
5,third,verbal
5,third,vertical
5,third,veto
5,third,videotape
5,third,viewer
5,third,vigor
5,third,villain
5,third,vine
5,third,violinist
5,third,visa
5,third,vow
5,third,wade
5,third,wail
5,third,ward
5,third,ware
5,third,warehouse
5,third,warrior
5,third,wharf
5,third,wheelchair
5,third,whereabouts
5,third,whine
5,third,whirl
5,third,whisk
5,third,whiskey
5,third,whisky
5,third,wholesale
5,third,widow
5,third,widower
5,third,wig
5,third,wilderness
5,third,wildlife
5,third,woe
5,third,woodpecker
5,third,workshop
5,third,worship
5,third,wreath
5,third,wring
5,third,yacht
5,third,yarn
5,third,yeast
5,third,yield
5,third,yoga
5,third,zinc
5,third,zip
5,third,zoom
6,first,abnormal
6,first,aboriginal
6,first,absentminded
6,first,accessible
6,first,accessory
6,first,accountable
6,first,acute
6,first,administrative
6,first,affectionate
6,first,alcoholic
6,first,alternative
6,first,ambiguous
6,first,amiable
6,first,analytical
6,first,animate
6,first,anonymous
6,first,antarctic
6,first,antibiotic
6,first,applicable
6,first,approximate
6,first,arctic
6,first,arrogant
6,first,articulate
6,first,attendant
6,first,authentic
6,first,awesome
6,first,biological
6,first,bizarre
6,first,bleak
6,first,blunt
6,first,brisk
6,first,brute
6,first,bulky
6,first,captive
6,first,charitable
6,first,chronic
6,first,clinical
6,first,coherent
6,first,collective
6,first,colloquial
6,first,communicative
6,first,comparable
6,first,comparative
6,first,compatible
6,first,competent
6,first,component
6,first,comprehensive
6,first,concise
6,first,confidential
6,first,conscientious
6,first,constituent
6,first,controversial
6,first,coordinate
6,first,cordial
6,first,corporate
6,first,cosmetic
6,first,cosmopolitan
6,first,credible
6,first,crooked
6,first,crucial
6,first,crude
6,first,cumulative
6,first,customary
6,first,deadly
6,first,decent
6,first,decisive
6,first,deliberate
6,first,delinquent
6,first,dental
6,first,designate
6,first,destined
6,first,diplomatic
6,first,disastrous
6,first,disciplinary
6,first,discreet
6,first,disgraceful
6,first,dispensable
6,first,disposable
6,first,dissident
6,first,diverse
6,first,documentary
6,first,drastic
6,first,dreary
6,first,dual
6,first,dubious
6,first,eccentric
6,first,edible
6,first,editorial
6,first,eligible
6,first,elite
6,first,eloquent
6,first,emphatic
6,first,epidemic
6,first,equivalent
6,first,ethical
6,first,ethnic
6,first,excessive
6,first,exclusive
6,first,exotic
6,first,explicit
6,first,exquisite
6,first,extracurricular
6,first,fabulous
6,first,feasible
6,first,finite
6,first,fireproof
6,first,fluid
6,first,formidable
6,first,forthcoming
6,first,foster
6,first,fragile
6,first,frail
6,first,genetic
6,first,gloomy
6,first,graphic
6,first,honorary
6,first,hospitable
6,first,humanitarian
6,first,hysterical
6,first,immune
6,first,imperative
6,first,implicit
6,first,imposing
6,first,incentive
6,first,incidental
6,first,inclusive
6,first,inevitable
6,first,infectious
6,first,ingenious
6,first,inherent
6,first,initiative
6,first,innovative
6,first,intact
6,first,invaluable
6,first,ironic
6,first,irritable
6,first,joyous
6,first,legendary
6,first,legislative
6,first,legitimate
6,first,lengthy
6,first,liable
6,first,literal
6,first,literate
6,first,lunatic
6,first,lush
6,first,lyric
6,first,medieval
6,first,melancholy
6,first,mellow
6,first,metropolitan
6,first,militant
6,first,miniature
6,first,miraculous
6,first,mischievous
6,first,missionary
6,first,monotonous
6,first,mournful
6,first,municipal
6,first,mute
6,first,narrative
6,first,naval
6,first,neutral
6,first,notorious
6,first,nutrient
6,first,nutritious
6,first,obscure
6,first,operational
6,first,optional
6,first,orderly
6,first,outrageous
6,first,outright
6,first,overhead
6,first,pathetic
6,first,patriotic
6,first,pedestrian
6,first,persistent
6,first,perspective
6,first,petty
6,first,photographic
6,first,picturesque
6,first,pious
6,first,pollutant
6,first,preliminary
6,first,premature
6,first,premier
6,first,presidential
6,first,preventive
6,first,profound
6,first,progressive
6,first,prone
6,first,prospective
6,first,provincial
6,first,punctual
6,first,quarrelsome
6,first,radiant
6,first,radiate
6,first,radical
6,first,random
6,first,rash
6,first,rational
6,first,recipient
6,first,recreational
6,first,redundant
6,first,reflective
6,first,regardless
6,first,relevant
6,first,renowned
6,first,residential
6,first,resistant
6,first,resolute
6,first,respective
6,first,retail
6,first,rhythmic
6,first,rigorous
6,first,ritual
6,first,ruby
6,first,sane
6,first,scenic
6,first,selective
6,first,sentimental
6,first,serene
6,first,sheer
6,first,shrewd
6,first,simultaneous
6,first,skeptical
6,first,sneaky
6,first,sociable
6,first,sophisticated
6,first,spacious
6,first,spectacular
6,first,spiral
6,first,spontaneous
6,first,stationary
6,first,strategic
6,first,subjective
6,first,subordinate
6,first,subsequent
6,first,subtle
6,first,suburban
6,first,successive
6,first,superb
6,first,supersonic
6,first,superstitious
6,first,surplus
6,first,symbolic
6,first,synthetic
6,first,tedious
6,first,textile
6,first,theatrical
6,first,theoretical
6,first,thrifty
6,first,tranquil
6,first,triumphant
6,first,trivial
6,first,tropic
6,first,truant
6,first,ultimate
6,first,unanimous
6,first,utmost
6,first,valiant
6,first,valid
6,first,variable
6,first,versatile
6,first,vicious
6,first,victorious
6,first,virtual
6,first,vocal
6,first,vocational
6,first,vulgar
6,first,vulnerable
6,first,waterproof
6,first,watertight
6,first,whatsoever
6,first,witty
6,first,abbreviate
6,first,abound
6,first,abuse
6,first,accelerate
6,first,accommodate
6,first,accord
6,first,accumulate
6,first,addict
6,first,administer
6,first,administrate
6,first,advocate
6,first,affirm
6,first,alienate
6,first,allocate
6,first,ambush
6,first,amplify
6,first,animate
6,first,anticipate
6,first,apprentice
6,first,approximate
6,first,articulate
6,first,assassinate
6,first,assert
6,first,assess
6,first,attain
6,first,auction
6,first,authorize
6,first,autograph
6,first,beckon
6,first,besiege
6,first,betray
6,first,bias
6,first,blunder
6,first,blunt
6,first,bombard
6,first,boost
6,first,boycott
6,first,brew
6,first,buckle
6,first,canvas
6,first,caption
6,first,caress
6,first,cater
6,first,certify
6,first,characterize
6,first,chariot
6,first,chuckle
6,first,civilize
6,first,clamp
6,first,cleanse
6,first,clench
6,first,clone
6,first,coincide
6,first,collide
6,first,commemorate
6,first,commence
6,first,compensate
6,first,compile
6,first,complement
6,first,comprise
6,first,concede
6,first,condense
6,first,confer
6,first,conform
6,first,contradict
6,first,coordinate
6,first,core
6,first,covet
6,first,cramp
6,first,crook
6,first,cruise
6,first,crumble
6,first,crust
6,first,cultivate
6,first,decline
6,first,dedicate
6,first,deem
6,first,defect
6,first,degrade
6,first,deliberate
6,first,denounce
6,first,depict
6,first,deprive
6,first,derive
6,first,descend
6,first,designate
6,first,detach
6,first,detain
6,first,deter
6,first,deteriorate
6,first,devalue
6,first,diagnose
6,first,diagram
6,first,dictate
6,first,differentiate
6,first,diminish
6,first,disable
6,first,disapprove
6,first,discharge
6,first,disclose
6,first,discomfort
6,first,disgrace
6,first,dismantle
6,first,dismay
6,first,dispatch
6,first,disperse
6,first,displace
6,first,displease
6,first,disregard
6,first,dissolve
6,first,dissuade
6,first,distort
6,first,distract
6,first,distrust
6,first,diversify
6,first,divert
6,first,dome
6,first,donate
6,first,doom
6,first,drizzle
6,first,dynamite
6,first,ebb
6,first,embark
6,first,emigrate
6,first,enact
6,first,enhance
6,first,enlighten
6,first,enrich
6,first,erode
6,first,escalate
6,first,evacuate
6,first,evolve
6,first,excerpt
6,first,exert
6,first,expel
6,first,expire
6,first,exploit
6,first,extract
6,first,facilitate
6,first,flare
6,first,flicker
6,first,fling
6,first,flutter
6,first,foresee
6,first,formulate
6,first,forsake
6,first,fortify
6,first,foster
6,first,fracture
6,first,fragment
6,first,freak
6,first,fret
6,first,generalize
6,first,generate
6,first,glisten
6,first,graph
6,first,grill
6,first,grope
6,first,hack
6,first,hail
6,first,harass
6,first,hazard
6,first,highlight
6,first,hospitalize
6,first,humiliate
6,first,hunch
6,first,hurdle
6,first,illuminate
6,first,implement
6,first,imprison
6,first,incline
6,first,infer
6,first,inhabit
6,first,inject
6,first,integrate
6,first,intervene
6,first,intimidate
6,first,intrude
6,first,inventory
6,first,irritate
6,first,kidnap
6,first,lament
6,first,legitimate
6,first,liberate
6,first,lounge
6,first,lure
6,first,manipulate
6,first,mar
6,first,massacre
6,first,meditate
6,first,mellow
6,first,merchandise
6,first,merge
6,first,migrate
6,first,mimic
6,first,miniature
6,first,minimize
6,first,mobilize
6,first,mold
6,first,mute
6,first,narrate
6,first,nourish
6,first,nurture
6,first,oblige
6,first,obscure
6,first,oppress
6,first,originate
6,first,outfit
6,first,outlaw
6,first,outnumber
6,first,outrage
6,first,overlap
6,first,overturn
6,first,paralyze
6,first,peddle
6,first,pension
6,first,persevere
6,first,phase
6,first,pierce
6,first,poach
6,first,ponder
6,first,populate
6,first,posture
6,first,precede
6,first,preface
6,first,prejudice
6,first,prescribe
6,first,preside
6,first,presume
6,first,prohibit
6,first,propel
6,first,prosecute
6,first,provoke
6,first,prowl
6,first,purify
6,first,quench
6,first,query
6,first,radiate
6,first,raft
6,first,raid
6,first,ransom
6,first,ravage
6,first,reconcile
6,first,recruit
6,first,recur
6,first,refine
6,first,refund
6,first,rehearse
6,first,rein
6,first,reinforce
6,first,relay
6,first,relish
6,first,render
6,first,repress
6,first,retail
6,first,retaliate
6,first,retrieve
6,first,ridicule
6,first,riot
6,first,rotate
6,first,safeguard
6,first,sanction
6,first,script
6,first,seduce
6,first,sequence
6,first,shed
6,first,shoplift
6,first,shun
6,first,signify
6,first,simplify
6,first,skim
6,first,slang
6,first,slash
6,first,slot
6,first,slum
6,first,smack
6,first,smother
6,first,smuggle
6,first,snare
6,first,sneer
6,first,soar
6,first,socialize
6,first,soothe
6,first,span
6,first,specialize
6,first,specify
6,first,speculate
6,first,spike
6,first,spiral
6,first,spire
6,first,sponsor
6,first,sprawl
6,first,stabilize
6,first,stalk
6,first,stammer
6,first,staple
6,first,starch
6,first,stimulate
6,first,stock
6,first,strangle
6,first,stunt
6,first,subordinate
6,first,subscribe
6,first,suffocate
6,first,supplement
6,first,surpass
6,first,swap
6,first,symbolize
6,first,terminate
6,first,texture
6,first,thrive
6,first,throb
6,first,toll
6,first,topple
6,first,transit
6,first,transmit
6,first,transplant
6,first,tread
6,first,trek
6,first,trespass
6,first,trigger
6,first,truant
6,first,uncover
6,first,underestimate
6,first,undergo
6,first,undermine
6,first,undertake
6,first,undo
6,first,unfold
6,first,unify
6,first,unlock
6,first,unpack
6,first,upgrade
6,first,uphold
6,first,usher
6,first,utilize
6,first,vend
6,first,verge
6,first,victimize
6,first,visualize
6,first,vomit
6,first,waterproof
6,first,withstand
6,first,woo
6,first,wrench
6,first,wrestle
6,first,xerox
6,first,yearn
6,first,accordingly
6,first,alongside
6,first,deadly
6,first,hereafter
6,first,likewise
6,first,outright
6,first,overhead
6,first,regardless
6,first,retail
6,first,sheer
6,first,smack
6,first,thereafter
6,second,thereby
6,second,alongside
6,second,abbreviation
6,second,aboriginal
6,second,aborigine
6,second,abstraction
6,second,abundance
6,second,abuse
6,second,acceleration
6,second,accessory
6,second,accommodation
6,second,accord
6,second,accordance
6,second,accounting
6,second,accumulation
6,second,accusation
6,second,acquisition
6,second,activist
6,second,adaptation
6,second,addict
6,second,addiction
6,second,administration
6,second,administrator
6,second,advocate
6,second,aggression
6,second,alcoholic
6,second,alliance
6,second,alternative
6,second,ambiguity
6,second,ambulance
6,second,ambush
6,second,analects
6,second,analogy
6,second,analyst
6,second,anchorman
6,second,anchorwoman
6,second,anecdote
6,second,annoyance
6,second,Antarctic
6,second,antenna
6,second,antibiotic
6,second,antibody
6,second,anticipation
6,second,antonym
6,second,apprentice
6,second,aptitude
6,second,Arctic
6,second,artery
6,second,artifact
6,second,assessment
6,second,assumption
6,second,asthma
6,second,asylum
6,second,attainment
6,second,attendant
6,second,attic
6,second,auction
6,second,autograph
6,second,autonomy
6,second,aviation
6,second,barometer
6,second,beverage
6,second,bias
6,second,binoculars
6,second,biochemistry
6,second,blunder
6,second,bondage
6,second,boost
6,second,bout
6,second,boycott
6,second,breakdown
6,second,breakthrough
6,second,breakup
6,second,brew
6,second,brink
6,second,brochure
6,second,brute
6,second,buckle
6,second,bureaucracy
6,second,burial
6,second,byte
6,second,caffeine
6,second,calcium
6,second,canvas
6,second,capability
6,second,capsule
6,second,caption
6,second,captive
6,second,captivity
6,second,carbohydrate
6,second,caress
6,second,carol
6,second,cashier
6,second,casualty
6,second,catastrophe
6,second,cavalry
6,second,cavity
6,second,cemetery
6,second,certainty
6,second,champagne
6,second,chaos
6,second,charcoal
6,second,chariot
6,second,cholesterol
6,second,chuckle
6,second,chunk
6,second,clamp
6,second,clarity
6,second,clearance
6,second,clench
6,second,clone
6,second,closure
6,second,coffin
6,second,coincidence
6,second,collective
6,second,collector
6,second,collision
6,second,columnist
6,second,commentary
6,second,commitment
6,second,companionship
6,second,compensation
6,second,competence
6,second,complement
6,second,complexion
6,second,complexity
6,second,complication
6,second,component
6,second,conceit
6,second,conception
6,second,concession
6,second,confrontation
6,second,congressman
6,second,congresswoman
6,second,conquest
6,second,consensus
6,second,conservation
6,second,consolation
6,second,conspiracy
6,second,constituent
6,second,consultation
6,second,consumption
6,second,contemplation
6,second,contestant
6,second,contractor
6,second,contradiction
6,second,controversy
6,second,conviction
6,second,coordinate
6,second,core
6,second,corps
6,second,corpse
6,second,correspondent
6,second,corruption
6,second,cosmetics
6,second,cosmopolitan
6,second,counterpart
6,second,coverage
6,second,cramp
6,second,credibility
6,second,criterion
6,second,crook
6,second,cruise
6,second,cruiser
6,second,crumb
6,second,crumble
6,second,crust
6,second,daffodil
6,second,dandruff
6,second,daybreak
6,second,decline
6,second,dedication
6,second,defect
6,second,deficiency
6,second,delinquent
6,second,density
6,second,deputy
6,second,descendant
6,second,descent
6,second,diabetes
6,second,diagnosis
6,second,diagram
6,second,diameter
6,second,dictation
6,second,dictator
6,second,dilemma
6,second,dimension
6,second,diplomacy
6,second,directory
6,second,disability
6,second,discharge
6,second,disclosure
6,second,discomfort
6,second,discrimination
6,second,disgrace
6,second,dismay
6,second,dispatch
6,second,disposable
6,second,disposal
6,second,disregard
6,second,dissident
6,second,distraction
6,second,distrust
6,second,disturbance
6,second,diversion
6,second,diversity
6,second,doctrine
6,second,documentary
6,second,dome
6,second,donation
6,second,donor
6,second,doom
6,second,dosage
6,second,drawback
6,second,drizzle
6,second,drought
6,second,dynamite
6,second,ebb
6,second,eccentric
6,second,ecology
6,second,ecstasy
6,second,editorial
6,second,electron
6,second,elite
6,second,eloquence
6,second,emigrant
6,second,emigration
6,second,enactment
6,second,enclosure
6,second,encyclopedia
6,second,endurance
6,second,enhancement
6,second,enlightenment
6,second,enrichment
6,second,epidemic
6,second,episode
6,second,equation
6,second,equivalent
6,second,eruption
6,second,essence
6,second,eternity
6,second,ethnic
6,second,evolution
6,second,excerpt
6,second,execution
6,second,exotic
6,second,expedition
6,second,expertise
6,second,expiration
6,second,exploit
6,second,exploration
6,second,extract
6,second,eyesight
6,second,faction
6,second,faculty
6,second,familiarity
6,second,famine
6,second,fascination
6,second,federation
6,second,feedback
6,second,fertility
6,second,fidelity
6,second,flare
6,second,fleet
6,second,flicker
6,second,fling
6,second,fluid
6,second,flutter
6,second,fracture
6,second,fragment
6,second,fraud
6,second,freak
6,second,friction
6,second,galaxy
6,second,generator
6,second,genetics
6,second,glamour
6,second,glassware
6,second,glisten
6,second,graph
6,second,graphic
6,second,grill
6,second,grocer
6,second,grope
6,second,guerrilla
6,second,habitat
6,second,hacker
6,second,hail
6,second,harassment
6,second,hazard
6,second,hemisphere
6,second,hereafter
6,second,heritage
6,second,heroin
6,second,highlight
6,second,hormone
6,second,hospitality
6,second,hostility
6,second,humanitarian
6,second,hunch
6,second,hurdle
6,second,hygiene
6,second,hypocrisy
6,second,hypocrite
6,second,illusion
6,second,imperative
6,second,implement
6,second,implication
6,second,imprisonment
6,second,incentive
6,second,incline
6,second,indignation
6,second,inference
6,second,ingenuity
6,second,inhabitant
6,second,initiative
6,second,injection
6,second,injustice
6,second,innovation
6,second,inquiry
6,second,insight
6,second,insistence
6,second,installation
6,second,installment
6,second,institution
6,second,integration
6,second,integrity
6,second,intellect
6,second,intersection
6,second,interval
6,second,intervention
6,second,intimacy
6,second,intruder
6,second,inventory
6,second,investigator
6,second,irony
6,second,irritation
6,second,kernel
6,second,lament
6,second,lava
6,second,layman
6,second,layout
6,second,legislator
6,second,legislature
6,second,liberation
6,second,limo
6,second,limousine
6,second,liner
6,second,linguist
6,second,liquid crystal display
6,second,liter
6,second,literacy
6,second,literate
6,second,longevity
6,second,lounge
6,second,lunatic
6,second,lure
6,second,lyric
6,second,magnitude
6,second,malaria
6,second,manuscript
6,second,massacre
6,second,mastery
6,second,material
6,second,materialism
6,second,mattress
6,second,mechanism
6,second,medication
6,second,meditation
6,second,melancholy
6,second,mentality
6,second,merchandise
6,second,metaphor
6,second,metropolitan
6,second,migration
6,second,militant
6,second,miller
6,second,mimic
6,second,miniature
6,second,missionary
6,second,modernization
6,second,mold
6,second,momentum
6,second,monopoly
6,second,monotony
6,second,morale
6,second,morality
6,second,motto
6,second,mouthpiece
6,second,mute
6,second,mythology
6,second,narrative
6,second,narrator
6,second,nationalism
6,second,naturalist
6,second,navel
6,second,navigation
6,second,negotiation
6,second,neon
6,second,neutral
6,second,newlywed
6,third,newscaster
6,third,nomination
6,third,nominee
6,third,norm
6,third,nourishment
6,third,nuisance
6,third,nurture
6,third,nutrient
6,third,nutrition
6,third,obligation
6,third,offering
6,third,offspring
6,third,opposition
6,third,oppression
6,third,option
6,third,ordeal
6,third,orderly
6,third,organism
6,third,originality
6,third,outbreak
6,third,outfit
6,third,outing
6,third,outlaw
6,third,outlet
6,third,outlook
6,third,outrage
6,third,outset
6,third,overhead
6,third,overlap
6,third,overturn
6,third,pact
6,third,pamphlet
6,third,parliament
6,third,pedestrian
6,third,peninsula
6,third,pension
6,third,perception
6,third,perseverance
6,third,persistence
6,third,perspective
6,third,pesticide
6,third,petroleum
6,third,pharmacist
6,third,pharmacy
6,third,phase
6,third,piety
6,third,pipeline
6,third,pitcher
6,third,plight
6,third,pneumonia
6,third,poacher
6,third,pollutant
6,third,posture
6,third,precedent
6,third,precision
6,third,predecessor
6,third,prediction
6,third,preface
6,third,prejudice
6,third,preliminary
6,third,premier
6,third,prescription
6,third,presidency
6,third,prestige
6,third,preventive
6,third,productivity
6,third,proficiency
6,third,progressive
6,third,prohibition
6,third,projection
6,third,propaganda
6,third,propeller
6,third,prose
6,third,prosecution
6,third,provincial
6,third,prowl
6,third,purity
6,third,qualification
6,third,query
6,third,questionnaire
6,third,racism
6,third,radiant
6,third,radiation
6,third,radiator
6,third,radical
6,third,raft
6,third,raid
6,third,ransom
6,third,rash
6,third,ravage
6,third,realism
6,third,realization
6,third,rebellion
6,third,recession
6,third,recipient
6,third,recommendation
6,third,recruit
6,third,refinement
6,third,refreshment
6,third,refund
6,third,regime
6,third,rehearsal
6,third,rein
6,third,relay
6,third,reliance
6,third,relish
6,third,remainder
6,third,removal
6,third,renaissance
6,third,rental
6,third,resemblance
6,third,reservoir
6,third,restoration
6,third,restraint
6,third,retail
6,third,revelation
6,third,revenue
6,third,revival
6,third,rhetoric
6,third,ridicule
6,third,riot
6,third,rite
6,third,ritual
6,third,rivalry
6,third,rotation
6,third,royalty
6,third,ruby
6,third,safeguard
6,third,saloon
6,third,salvation
6,third,sanction
6,third,sanctuary
6,third,sanitation
6,third,scope
6,third,script
6,third,sector
6,third,seminar
6,third,senator
6,third,sequence
6,third,serenity
6,third,serving
6,third,session
6,third,setback
6,third,sewer
6,third,shed
6,third,shilling
6,third,siege
6,third,signature
6,third,silicon
6,third,simplicity
6,third,skim
6,third,slang
6,third,slash
6,third,slavery
6,third,slot
6,third,slum
6,third,smack
6,third,smallpox
6,third,smother
6,third,snare
6,third,sneer
6,third,socialism
6,third,socialist
6,third,sociology
6,third,sodium
6,third,solidarity
6,third,solitude
6,third,sovereignty
6,third,span
6,third,specialty
6,third,spectacular
6,third,spectrum
6,third,sphere
6,third,spike
6,third,spiral
6,third,spire
6,third,spokesman
6,third,spokesperson
6,third,spokeswoman
6,third,sponsor
6,third,spouse
6,third,sprawl
6,third,squad
6,third,squash
6,third,stability
6,third,stalk
6,third,stammer
6,third,staple
6,third,stapler
6,third,starch
6,third,starvation
6,third,stationery
6,third,stature
6,third,steamer
6,third,stimulation
6,third,stimulus
6,third,stock
6,third,stunt
6,third,subordinate
6,third,subscription
6,third,substitution
6,third,succession
6,third,successor
6,third,suite
6,third,superiority
6,third,supervision
6,third,supplement
6,third,surplus
6,third,suspense
6,third,suspension
6,third,swap
6,third,symmetry
6,third,symptom
6,third,synonym
6,third,synthetic
6,third,tact
6,third,tactic
6,third,tariff
6,third,temperament
6,third,tempest
6,third,textile
6,third,texture
6,third,theft
6,third,therapist
6,third,therapy
6,third,thermometer
6,third,threshold
6,third,thrift
6,third,throb
6,third,toll
6,third,tornado
6,third,trait
6,third,tranquilizer
6,third,transaction
6,third,transcript
6,third,transformation
6,third,transistor
6,third,transit
6,third,transition
6,third,transmission
6,third,transplant
6,third,trauma
6,third,tread
6,third,treason
6,third,trek
6,third,tremor
6,third,trespass
6,third,trigger
6,third,trophy
6,third,tropic
6,third,truant
6,third,truce
6,third,tuberculosis
6,third,tumor
6,third,turmoil
6,third,twilight
6,third,tyranny
6,third,ulcer
6,third,ultimate
6,third,underestimate
6,third,unemployment
6,third,upbringing
6,third,upgrade
6,third,uranium
6,third,urgency
6,third,urine
6,third,usher
6,third,utensil
6,third,utility
6,third,utmost
6,third,vaccine
6,third,validity
6,third,vanilla
6,third,variable
6,third,variation
6,third,vendor
6,third,verge
6,third,version
6,third,vet
6,third,veteran
6,third,veterinarian
6,third,vibration
6,third,vice
6,third,victor
6,third,villa
6,third,vineyard
6,third,vitality
6,third,vocal
6,third,vocation
6,third,vogue
6,third,vomit
6,third,wardrobe
6,third,warfare
6,third,warranty
6,third,windshield
6,third,wrench
6,third,wrestle
6,third,Xerox
6,third,zeal
